date,margin_debt,cash_credit,margin_credit,net_margin,margin_chg,sp_ret
1997-01-01,103337,68856,,34481.0,,
1997-02-01,103886,67058,,36828.0,0.00531271471012329,0.061317039054128886
1997-03-01,104835,69553,,35282.0,0.009135013380051182,0.0059275902346540565
1997-04-01,102842,64825,,38017.0,-0.019010826536938974,-0.04261401064074877
1997-05-01,111097,66879,,44218.0,0.08026876178993025,0.05840557906734034
1997-06-01,118843,72422,,46421.0,0.06972285480255991,0.05857688480332501
1997-07-01,121090,73714,,47376.0,0.018907297863567818,0.043452614795275846
1997-08-01,124404,71211,,53193.0,0.027368073333883913,0.07814580943742477
1997-09-01,131962,73087,,58875.0,0.06075367351532113,-0.057465631708528364
1997-10-01,134491,80287,,54204.0,0.01916460799321018,0.053153590615567126
1997-11-01,132741,77259,,55482.0,-0.01301202310935301,-0.03447769737522033
1997-12-01,131560,88590,,42970.0,-0.008897025033712258,0.04458685521263939
1998-01-01,132912,83362,,49550.0,0.010276679841897174,0.01573159710869443
1998-02-01,141328,81932,,59396.0,0.06332009148910567,0.010150177442407982
1998-03-01,146536,85580,,60956.0,0.0368504471866864,0.07044919253631243
1998-04-01,146589,85771,,60818.0,0.0003616858655892674,0.049945714341220526
1998-05-01,150293,80174,,70119.0,0.025267925969888694,0.009076469253460395
1998-06-01,154357,87891,,66466.0,0.027040514195604493,-0.018826223261468433
1998-07-01,160980,92687,,68293.0,0.042907027216128935,0.03943824063504042
1998-08-01,155879,100093,,55786.0,-0.031687166107591036,-0.011615326917385427
1998-09-01,144541,103879,,40662.0,-0.07273590413076814,-0.14579671825011387
1998-10-01,138399,108179,,30220.0,-0.04249313343618766,0.06239551504341101
1998-11-01,148697,108032,,40665.0,0.07440805208130108,0.08029422856762891
1998-12-01,148674,111507,,37167.0,-0.00015467696053050872,0.05912599628568138
1999-01-01,162322,107200,,55122.0,0.09179816242248151,0.056375287084956094
1999-02-01,162909,109523,,53386.0,0.0036162688976233426,0.04100944085374847
1999-03-01,166212,109941,,56271.0,0.020275122921385558,-0.032282562377591306
1999-04-01,184329,112290,,72039.0,0.10899935022742047,0.0387942154089167
1999-05-01,189950,114271,,75679.0,0.03049438775233404,0.03794402759627746
1999-06-01,187695,116982,,70713.0,-0.011871545143458784,-0.024970480796175143
1999-07-01,189503,115017,,74486.0,0.009632648712006198,0.054438331114324834
1999-08-01,187616,117149,,70467.0,-0.00995762600064376,-0.032046092391091685
1999-09-01,189741,121207,,68534.0,0.011326326112911511,-0.006254091687235008
1999-10-01,194259,123457,,70802.0,0.02381140607459642,-0.028551792448024638
1999-11-01,218304,131786,,86518.0,0.12377804889348765,0.0625395414523846
1999-12-01,241967,146582,,95385.0,0.10839471562591618,0.019061858969220413
2000-01-01,260409,148567,,111842.0,0.07621700479817495,0.05784389473992291
2000-02-01,284206,153540,,130666.0,0.09138317032053433,-0.05090354879190062
2000-03-01,299933,168002,,131931.0,0.05533662202768408,-0.020108083256356934
2000-04-01,268716,156868,,111848.0,-0.10407991118016358,0.09671982835364812
2000-05-01,256862,153843,,103019.0,-0.04411348784590419,-0.030795755780191336
2000-06-01,264471,153050,,111421.0,0.02962291035653375,-0.021915050603417807
2000-07-01,263729,163050,,100679.0,-0.002805600614055992,0.023933549615877237
2000-08-01,265166,156775,,108391.0,0.005448775068346734,-0.016341275904170893
2000-09-01,270208,160964,,109244.0,0.019014504121946274,0.06069910494167097
2000-10-01,250965,172738,,78227.0,-0.07121550805305543,-0.053482974719764265
2000-11-01,237913,186459,,51454.0,-0.05200725200725198,-0.00494948542177065
2000-12-01,210385,198179,,12206.0,-0.1157061614960091,-0.08006861010730892
2001-01-01,208687,187225,,21462.0,-0.008070917603441363,0.004053445623728669
2001-02-01,198887,193266,,5621.0,-0.04696028022828447,0.03463657667616449
2001-03-01,174797,198581,,-23784.0,-0.12112405536812365,-0.09229073539585964
2001-04-01,176096,191145,,-15049.0,0.0074314776569393,-0.06420471080339152
2001-05-01,183041,183493,,-452.0,0.03943871524622944,0.07681436165439459
2001-06-01,179585,187602,,-8017.0,-0.018881015728716477,0.005090187401275648
2001-07-01,173680,185100,,-11420.0,-0.032881365370158955,-0.02503538942756467
2001-08-01,169316,191219,,-21903.0,-0.02512666973744815,-0.010740149595403703
2001-09-01,157931,211281,,-53350.0,-0.06724113491932249,-0.06410840688075747
2001-10-01,152367,187012,,-34645.0,-0.0352305753778549,-0.08172340570563885
2001-11-01,159440,188441,,-29001.0,0.046420812905681785,0.018099111333141016
2001-12-01,160473,197424,,-36951.0,0.006478926241846539,0.0751759041240454
2002-01-01,160906,189841,,-28935.0,0.0026982732297644585,0.0075738340889277556
2002-02-01,154931,186919,,-31988.0,-0.037133481660099665,-0.015573832456979853
2002-03-01,160089,180578,,-20489.0,0.03329223977125295,-0.020766211039727644
2002-04-01,159072,175730,,-16658.0,-0.006352716301557204,0.03673889286207466
2002-05-01,157802,173395,,-15593.0,-0.00798380607523641,-0.061417625919219065
2002-06-01,153972,178744,,-24772.0,-0.02427092178806356,-0.009081481352177012
2002-07-01,143905,183326,,-39421.0,-0.06538201750967709,-0.0724553538081798
2002-08-01,139146,174995,,-35849.0,-0.03307042840763008,-0.07900427514940767
2002-09-01,136107,180997,,-44890.0,-0.021840369108706015,0.004881433306494376
2002-10-01,138647,181069,,-42422.0,0.018661788151968617,-0.11002431825242787
2002-11-01,139472,176062,,-36590.0,0.005950363152466442,0.08644880033371405
2002-12-01,139451,184715,,-45264.0,-0.00015056785591371913,0.05706962070498589
2003-01-01,141391,179528,,-38137.0,0.013911696581595079,-0.06033257188502883
2003-02-01,140516,179925,,-39409.0,-0.006188512705900706,-0.02741469268304464
2003-03-01,144267,176955,,-32688.0,0.026694468957271678,-0.01700360825687175
2003-04-01,143237,168756,,-25519.0,-0.007139539880915202,0.008357567684332823
2003-05-01,153725,178946,,-25221.0,0.07322130455119846,0.0810441071800323
2003-06-01,168281,190026,,-21745.0,0.09468856724670682,0.050898709609522585
2003-07-01,174427,199973,,-25546.0,0.036522245529798436,0.011322214676852127
2003-08-01,167200,188112,,-20912.0,-0.04143280570095231,0.016223701958536507
2003-09-01,171194,189826,,-18632.0,0.023887559808612346,0.017873203593487874
2003-10-01,175428,191554,,-16126.0,0.024732175193055816,-0.011944364585525724
2003-11-01,182587,184899,,-2312.0,0.040808764849396884,0.05496148663571665
2003-12-01,181459,199297,,-17838.0,-0.006177876847749286,0.0071285040713728876
2004-01-01,189429,198628,,-9199.0,0.04392176745160059,0.05076554077889206
2004-02-01,190448,200323,,-9875.0,0.005379324179507927,0.017276386950755285
2004-03-01,191451,203953,,-12502.0,0.005266529446358081,0.01220897373761054
2004-04-01,198778,217992,,-19214.0,0.03827088915701671,-0.01635891961786684
2004-05-01,193843,219640,,-25797.0,-0.02482669108251412,-0.016790751960348183
2004-06-01,193993,220781,,-26788.0,0.0007738221137725265,0.01208345009735412
2004-07-01,187844,220196,,-32352.0,-0.031697019995566844,0.017988998771432563
2004-08-01,187828,217945,,-30117.0,-8.517706181720985e-05,-0.034290519520026264
2004-09-01,193668,220860,,-27192.0,0.031092275912004697,0.0022873503233691306
2004-10-01,197999,218090,,-20091.0,0.02236301299130461,0.009363875526838816
2004-11-01,211012,223928,,-12916.0,0.06572255415431383,0.014014243690939843
2004-12-01,217573,238192,,-20619.0,0.03109301840653611,0.03859493629597055
2005-01-01,220122,230624,,-10502.0,0.01171560809475447,0.03245821284320516
2005-02-01,223155,224392,,-1237.0,0.013778722708316371,-0.025290467442294018
2005-03-01,226876,234533,,-7657.0,0.01667450874952392,0.018903346132113308
2005-04-01,217447,223839,,-6392.0,-0.041560147393289726,-0.01911765556028966
2005-05-01,219404,224933,,-5529.0,0.008999894227099015,-0.020108582083263493
2005-06-01,224153,234352,,-10199.0,0.021645001914276873,0.02995204663120865
2005-07-01,233585,224242,,9343.0,0.04207840180590927,-0.00014271417986777557
2005-08-01,231400,225410,,5990.0,-0.009354196545154903,0.03596828690361842
2005-09-01,244669,238929,,5740.0,0.057342264477096005,-0.011222104598600069
2005-10-01,239868,243174,,-3306.0,-0.019622428668936376,0.00694902431673361
2005-11-01,242904,241695,,1209.0,0.012656961328730842,-0.01774077993231349
2005-12-01,244098,263205,,-19107.0,0.004915522181602627,0.035186096519093324
2006-01-01,255795,255819,,-24.0,0.04791927832264098,-0.0009523493171964548
2006-02-01,249609,257573,,-7964.0,-0.02418342813581187,0.025466771341108085
2006-03-01,259370,258928,,442.0,0.039105160470976674,0.0004531577283561905
2006-04-01,265164,259342,,5822.0,0.022338743879400047,0.011095810408889628
2006-05-01,255608,264307,,-8699.0,-0.03603807455008978,0.01215565291784415
2006-06-01,251495,280275,,-28780.0,-0.016091045663672476,-0.030916916538203165
2006-07-01,256016,269376,,-13360.0,0.017976500526849515,8.659650459597046e-05
2006-08-01,249368,269423,,-20055.0,-0.025967127054559058,0.0050858788034533475
2006-09-01,261769,268612,,-6843.0,0.04972971672387794,0.02127419311502643
2006-10-01,267710,267462,,248.0,0.022695582746620202,0.024566297967782313
2006-11-01,294899,290910,,3989.0,0.10156139105748752,0.03150800358539563
2006-12-01,303288,299023,,4265.0,0.028447027626407717,0.016466656343095964
2007-01-01,311506,292521,,18985.0,0.02709635725778803,0.012615782814670462
2007-02-01,321171,300072,,21099.0,0.031026689694580556,0.014059043023177953
2007-03-01,317737,305479,,12258.0,-0.010692123510528617,-0.021846175991944383
2007-04-01,342084,314744,,27340.0,0.07662626637753855,0.009979982939206433
2007-05-01,382312,334359,,47953.0,0.11759684755790967,0.043290690426759815
2007-06-01,408444,347617,,60827.0,0.06835254974994243,0.032549228707361655
2007-07-01,416403,380971,,35432.0,0.019486147427799194,-0.01781632254788501
2007-08-01,362475,381550,,-19075.0,-0.12950915339226665,-0.03198187836198829
2007-09-01,359104,377364,,-18260.0,-0.00929995172080833,0.012863572018857905
2007-10-01,376979,392543,,-15564.0,0.04977666636963107,0.03579400817860079
2007-11-01,379593,426721,,-47128.0,0.006934073250764561,0.014822338223554832
2007-12-01,355292,456353,,-101061.0,-0.06401856725492827,-0.04404341737941575
2008-01-01,365592,474496,,-108904.0,0.028990239014669683,-0.008628508561297932
2008-02-01,377088,454785,,-77697.0,0.031444889384887986,-0.06116343227776988
2008-03-01,349419,488831,,-139412.0,-0.07337544551934827,-0.03476119273728817
2008-04-01,332303,472371,,-140068.0,-0.048984170866495536,-0.005959623397817415
2008-05-01,341610,470188,,-128578.0,0.02800757140320731,0.047546697641229096
2008-06-01,346892,499634,,-152742.0,0.015462076637100752,0.01067418170406853
2008-07-01,343297,519226,,-175929.0,-0.01036345606125244,-0.08596238482631446
2008-08-01,324814,530042,,-205228.0,-0.0538396781795355,-0.009859371185302779
2008-09-01,345745,381702,,-35957.0,0.06443995640582001,0.012190464669121548
2008-10-01,277568,383429,,-105861.0,-0.197188679518142,-0.09079143354379215
2008-11-01,227334,364232,,-136898.0,-0.18097907539774039,-0.16942452401777075
2008-12-01,210185,345713,,-135528.0,-0.07543526265318867,-0.0748490423387097
2009-01-01,205007,316763,,-111756.0,-0.024635440207436354,0.007821576633499472
2009-02-01,199655,310503,,-110848.0,-0.02610642563424659,-0.08565734305805428
2009-03-01,203967,291927,,-87960.0,0.021597255265332738,-0.10993119762019943
2009-04-01,208010,285658,,-77648.0,0.019821833924115184,0.08540446199532292
2009-05-01,214401,275313,,-60912.0,0.030724484399788476,0.09392507914826331
2009-06-01,217140,283874,,-66734.0,0.012775126981683815,0.05308144638516654
2009-07-01,228734,277082,,-48348.0,0.053394123606889554,0.00019582726560996022
2009-08-01,236251,281989,,-45738.0,0.03286350083503109,0.07414172714778422
2009-09-01,254107,287196,,-33089.0,0.07558063246293134,0.03356018886854417
2009-10-01,265404,299858,,-34454.0,0.04445764973023181,0.03572334572311964
2009-11-01,250988,284071,,-33083.0,-0.0543171919036638,-0.019762000526814205
2009-12-01,262399,281043,,-18644.0,0.04546432498764874,0.05736406145372763
2010-01-01,266455,281035,,-14580.0,0.015457375980853616,0.017770570919338313
2010-02-01,263657,106131,164624.0,-7098.0,-0.010500835037811296,-0.03697424569226215
2010-03-01,277798,108908,162169.0,6721.0,0.05363407760840788,0.028513689046546054
2010-04-01,295550,111217,160630.0,23703.0,0.06390254789451322,0.058796425545497355
2010-05-01,268566,114051,166706.0,-12191.0,-0.09130096430384027,0.014759230482012997
2010-06-01,263202,114265,172908.0,-23971.0,-0.01997274412993455,-0.08197584207319053
2010-07-01,267468,106290,172179.0,-11001.0,0.0162080835252012,-0.05388244223983851
2010-08-01,268371,106870,174209.0,-12708.0,0.0033761048050608977,0.06877784957463517
2010-09-01,288540,114321,173544.0,675.0,0.07515342566819805,-0.04744918363260475
2010-10-01,303428,114784,176588.0,12056.0,0.05159769875927078,0.08755110305113556
2010-11-01,309340,119305,176805.0,13230.0,0.019484029160130145,0.03685599403554063
2010-12-01,313678,126098,182426.0,5154.0,0.014023404668002781,-0.002290249746576656
2011-01-01,326868,130894,173545.0,22429.0,0.04204949024158533,0.06530004034715509
2011-02-01,348979,135760,179102.0,34117.0,0.06764504325905252,0.022645574359139164
2011-03-01,355413,133386,170139.0,51888.0,0.01843663945394991,0.03195656372809341
2011-04-01,360883,133131,175399.0,52353.0,0.015390545646895237,-0.0010473129391664893
2011-05-01,355736,133727,175508.0,46501.0,-0.014262240116602931,0.028495380666536008
2011-06-01,345273,139575,183547.0,22151.0,-0.029412260777655352,-0.01350095289522324
2011-07-01,344572,138316,182957.0,23299.0,-0.002030277490565391,-0.018257461652479323
2011-08-01,308866,135508,193533.0,-20175.0,-0.10362420626168112,-0.02147442530666621
2011-09-01,298277,141806,204307.0,-47836.0,-0.034283475682010955,-0.05679110795232889
2011-10-01,317028,133639,188141.0,-4752.0,0.06286438444801301,-0.07176198808089651
2011-11-01,303930,132934,188259.0,-17263.0,-0.04131496271622692,0.10772303843744147
2011-12-01,301616,142533,189143.0,-30060.0,-0.007613595235745119,-0.005058715107011391
2012-01-01,309844,137309,174889.0,-2354.0,0.027279719908758215,0.008532763666636134
2012-02-01,323021,139609,177639.0,5773.0,0.04252785272588788,0.043583062704985354
2012-03-01,330815,142297,182814.0,5704.0,0.024128462236201464,0.04058946376811723
2012-04-01,335154,138909,182021.0,14224.0,0.01311609207563147,0.03133231453144192
2012-05-01,315147,139111,187938.0,-11902.0,-0.05969494620383464,-0.007497452372495994
2012-06-01,320952,138937,192149.0,-10134.0,0.01841997544003271,-0.06265072571454366
2012-07-01,313525,124330,194741.0,-5546.0,-0.02314053191754528,0.03955498222833631
2012-08-01,320395,124276,196786.0,-667.0,0.02191212821944033,0.012597574204787909
2012-09-01,339159,129389,205176.0,4594.0,0.05856520857067049,0.019763369506085704
2012-10-01,342325,124800,200406.0,17119.0,0.009334854743645371,0.024236153617775313
2012-11-01,351441,135650,202425.0,13366.0,0.0266296647922295,-0.01978940971629395
2012-12-01,355009,162206,211576.0,-18773.0,0.010152486477104317,0.0028467166850427716
2013-01-01,388123,142856,199709.0,45558.0,0.09327650848288349,0.007068230956284616
2013-02-01,390351,142123,208682.0,39546.0,0.005740448259958786,0.050428096466868855
2013-03-01,403933,144530,197887.0,61516.0,0.03479432613212219,0.011060648765041536
2013-04-01,408677,140706,191719.0,76252.0,0.011744521987557377,0.03598772398287298
2013-05-01,401606,146765,199756.0,55085.0,-0.017302172620431322,0.018085767779890016
2013-06-01,407681,150093,200308.0,57280.0,0.015126766034371908,0.020762811683057825
2013-07-01,412101,144495,194790.0,72816.0,0.010841810140771901,-0.014999301595580827
2013-08-01,414442,143808,195181.0,75453.0,0.005680646249341725,0.04946207991308538
2013-09-01,432852,149895,197780.0,85177.0,0.044421173529709757,-0.031298019479343964
2013-10-01,445022,151494,199889.0,93639.0,0.02811584560080571,0.029749523259195332
2013-11-01,456378,150214,199153.0,107011.0,0.025517839567481992,0.04459575276194472
2013-12-01,478502,157000,197521.0,123981.0,0.048477358680742766,0.028049471367328715
2014-01-01,487549,151878,195863.0,139808.0,0.018906922019134687,0.023562791975445974
2014-02-01,502093,154049,190312.0,157732.0,0.029830847771198377,-0.035582905955811595
2014-03-01,487932,156083,194461.0,137388.0,-0.028203938314216637,0.0431170301781616
2014-04-01,475195,149801,194679.0,130715.0,-0.026104047285277487,0.006932165418227054
2014-05-01,475362,150474,188551.0,136337.0,0.0003514346741864127,0.006200789153414155
2014-06-01,502270,160293,184723.0,157254.0,0.056605281869396284,0.02103028007328045
2014-07-01,498671,155931,177981.0,164759.0,-0.007165468771776151,0.019058331749470137
2014-08-01,501000,155245,180820.0,164935.0,0.00467041396030643,-0.015079830845342368
2014-09-01,503901,161621,183243.0,159037.0,0.005790419161676663,0.037655295579825276
2014-10-01,492888,158624,185193.0,149071.0,-0.021855483517595697,-0.015513837249453988
2014-11-01,496341,158420,184227.0,153694.0,0.00700564834201689,0.023201460667203078
2014-12-01,495756,169295,181223.0,145238.0,-0.0011786251790603108,0.02453358864631494
2015-01-01,485872,163599,178259.0,144014.0,-0.019937227184340656,-0.004188587515997044
2015-02-01,504923,168371,170930.0,165622.0,0.0392099153686567,-0.031040805838410623
2015-03-01,518055,171625,170074.0,176356.0,0.02600792596098822,0.0548925108906233
2015-04-01,549964,168430,167073.0,214461.0,0.06159384621323993,-0.017396107114219572
2015-05-01,541671,166334,169076.0,206261.0,-0.015079168818322608,0.008520819822535275
2015-06-01,547957,170614,168441.0,208902.0,0.011604830238281183,0.010491382304589791
2015-07-01,530744,168659,169132.0,192953.0,-0.03141304883412388,-0.021011671979729973
2015-08-01,515960,175647,168692.0,171621.0,-0.027855237176491854,0.019742029435184882
2015-09-01,497279,173760,167132.0,156387.0,-0.03620629506163264,-0.06258081825586559
2015-10-01,513941,174437,163210.0,176294.0,0.03350634151050014,-0.026442831280001466
2015-11-01,515410,174607,165584.0,175219.0,0.0028583047470429612,0.08298311781266654
2015-12-01,503444,181812,159677.0,161955.0,-0.02321646844259906,0.0005048691103348713
2016-01-01,487200,180616,162825.0,143759.0,-0.03226575348996119,-0.017530185032692547
2016-02-01,474156,178989,168308.0,126859.0,-0.026773399014778376,-0.0507353220469523
2016-03-01,483909,182673,172525.0,128711.0,0.020569179763622047,-0.0041283603090035426
2016-04-01,495178,176016,187000.0,132162.0,0.02328743627417551,0.06599111444005845
2016-05-01,489867,177161,187495.0,125211.0,-0.010725436105804342,0.0026993982833325436
2016-06-01,487636,186233,189585.0,111818.0,-0.0045542973909245,0.015324602525288444
2016-07-01,513221,183435,188155.0,141631.0,0.05246741421880263,0.0009109212401243738
2016-08-01,510157,177764,185695.0,146698.0,-0.005970137621024829,0.035609800753315435
2016-09-01,540615,184757,182833.0,173025.0,0.059703189410318824,-0.0012192428990193127
2016-10-01,523760,182051,182986.0,158723.0,-0.03117745530553162,-0.0012344511393173052
2016-11-01,539972,179598,187085.0,173289.0,0.030953108293874987,-0.01942567890903446
2016-12-01,529372,188062,189979.0,151331.0,-0.019630647515056387,0.034174521829295035
2017-01-01,553557,186301,186029.0,181227.0,0.04568620931972234,0.01820076244186586
2017-02-01,568637,185720,184598.0,198319.0,0.027242000372138753,0.01788435819838252
2017-03-01,577674,186892,184977.0,205805.0,0.015892388289893145,0.03719816006681631
2017-04-01,590797,180908,184930.0,224959.0,0.022716964931778216,-0.0003891971352694146
2017-05-01,582764,176970,185463.0,220331.0,-0.01359688691716443,0.009091208748854607
2017-06-01,584258,176707,187500.0,220051.0,0.002563644974638013,0.011576251246328662
2017-07-01,594414,173195,184246.0,236973.0,0.017382731601450097,0.004813775207812565
2017-08-01,596567,170524,183744.0,242299.0,0.0036220546622387495,0.019348826001101882
2017-09-01,606334,172872,183599.0,249863.0,0.01637200850868381,0.000546433019853243
2017-10-01,607838,169368,184047.0,254423.0,0.0024804810549960976,0.019302978562167672
2017-11-01,627422,170948,185312.0,271162.0,0.032219111013131796,0.02218813506615125
2017-12-01,642798,172999,182773.0,287026.0,0.02450663190006086,0.028082627806563343
2018-01-01,665716,168450,181763.0,315503.0,0.03565350234443798,0.009831630594270502
2018-02-01,645064,164657,183267.0,297140.0,-0.031022237710975897,0.05617870412552817
2018-03-01,645235,166148,180751.0,298336.0,0.00026508997556828895,-0.0389473718793677
2018-04-01,652303,155989,179410.0,316904.0,0.010954148488535154,-0.02688449860055664
2018-05-01,668940,155344,181890.0,331706.0,0.025505018373363386,0.0027187749953683227
2018-06-01,646931,157150,179399.0,310382.0,-0.032901306544682596,0.0216083418545836
2018-07-01,652790,148947,178299.0,325544.0,0.009056607273418615,0.00484243626760783
2018-08-01,652395,148873,178601.0,324921.0,-0.0006050950535394506,0.03602155617289915
2018-09-01,648126,151384,188152.0,308590.0,-0.006543581725794945,0.030263211276748248
2018-10-01,607645,148037,183432.0,276176.0,-0.06245853429734338,0.0042942874264617625
2018-11-01,592593,146452,178810.0,267331.0,-0.02477104230266025,-0.0694033560936963
2018-12-01,554285,159572,190743.0,203970.0,-0.06464470555676494,0.01785935665477978
2019-01-01,568433,151804,186050.0,230579.0,0.025524775160792768,-0.09177689467997252
2019-02-01,581205,149686,181955.0,249564.0,0.02246878699864374,0.07868440166582613
2019-03-01,574013,141074,180765.0,252174.0,-0.012374291342985733,0.029728889343927145
2019-04-01,588721,143802,178523.0,266396.0,0.02562311306538345,0.01792425624958849
2019-05-01,568751,137489,179019.0,252243.0,-0.03392099143737015,0.03931349831373798
2019-06-01,596304,139826,179542.0,276936.0,0.04844474998725268,-0.0657777313668354
2019-07-01,602139,138703,182613.0,280823.0,0.009785277308218543,0.0689301639982407
2019-08-01,564894,135567,181451.0,247876.0,-0.06185448874761479,0.013128152166957952
2019-09-01,555910,150648,187887.0,217375.0,-0.015903868690409162,-0.018091627240523933
2019-10-01,554604,145650,183966.0,224988.0,-0.002349301145868954,0.017181177931020697
2019-11-01,563482,146935,186866.0,229681.0,0.016007818190997503,0.020431770513684056
2019-12-01,579221,151543,186315.0,241363.0,0.027931681934826758,0.034047037714499906
2020-01-01,561812,152854,186847.0,222111.0,-0.030055885404707383,0.02858981890573009
2020-02-01,545127,163001,197716.0,184410.0,-0.02969854684485207,-0.0016280928190489652
2020-03-01,479291,191046,226202.0,62043.0,-0.12077185683336178,-0.08411048363840312
2020-04-01,524696,180942,217187.0,126567.0,0.09473367953915268,-0.12511928240892822
2020-05-01,552543,175794,210935.0,165814.0,0.05307263634561732,0.1268440381652789
2020-06-01,584676,185497,229078.0,170101.0,0.058154749947062934,0.04528181966555822
2020-07-01,613830,181420,223768.0,208642.0,0.049863514151427424,0.01838839651392421
2020-08-01,645547,185113,215042.0,245392.0,0.051670657999771885,0.055101321480443666
2020-09-01,654324,189462,211547.0,253315.0,0.01359622149897688,0.07006466690171775
2020-10-01,659313,193293,217739.0,248281.0,0.0076246630109853,-0.039227970178423055
2020-11-01,722118,200723,221567.0,299828.0,0.09525824608342326,-0.027665786221379718
2020-12-01,778037,224987,227127.0,325923.0,0.0774374825167079,0.10754563544385909
2021-01-01,798605,224133,241220.0,333252.0,0.026435760767161476,0.03712145909357001
2021-02-01,813680,220840,240481.0,352359.0,0.01887666618666306,-0.011136660755445171
2021-03-01,822551,219522,237154.0,365875.0,0.010902320322485393,0.026091451377448394
2021-04-01,847186,218132,233145.0,395909.0,0.029949510729425866,0.042438632533165155
2021-05-01,861626,213356,234992.0,413278.0,0.017044663155434625,0.05242532134755851
2021-06-01,882103,221862,239290.0,420951.0,0.023765531680798757,0.00548648867060697
2021-07-01,844324,215463,195762.0,433099.0,-0.04282833183879886,0.022214009565834747
2021-08-01,911545,219365,198913.0,493267.0,0.07961517142708252,0.02274805482838871
2021-09-01,903117,229279,205564.0,468274.0,-0.00924584085261837,0.028990416255438634
2021-10-01,935862,226159,200548.0,509155.0,0.03625776062237773,-0.047569168801901096
2021-11-01,918598,235638,211623.0,471337.0,-0.01844716421865622,0.0691438364006065
2021-12-01,910021,250435,215116.0,444470.0,-0.009337054946777612,-0.008333706184746159
2022-01-01,829637,247752,194545.0,387340.0,-0.088332027502662,0.04361291346206486
2022-02-01,835255,250686,195269.0,389300.0,0.006771636269838455,-0.052585165027393854
2022-03-01,799660,256076,196008.0,347576.0,-0.042615728130930064,-0.031360491945908286
2022-04-01,772940,242724,188652.0,341564.0,-0.033414201035440017,0.03577328837154625
2022-05-01,752944,244857,184151.0,323936.0,-0.025870054596734526,-0.08795671180434306
2022-06-01,683445,249399,186931.0,247115.0,-0.09230301323870038,5.317770464463578e-05
2022-07-01,696781,232147,177054.0,287580.0,0.019512908866112122,-0.08391999993382682
2022-08-01,687787,226182,175974.0,285631.0,-0.012907929464207601,0.09111639173021002
2022-09-01,664009,223400,173050.0,267559.0,-0.0345717496841319,-0.04244012827299837
2022-10-01,649618,216057,172976.0,260585.0,-0.02167289901191094,-0.09339567201327437
2022-11-01,643783,205158,165434.0,273191.0,-0.008982201847855253,0.0798634138370089
2022-12-01,606659,205902,164065.0,236692.0,-0.05766539346332533,0.053752893352493114
2023-01-01,641228,208720,161224.0,271284.0,0.05698258824149982,-0.05897147407473047
2023-02-01,624379,198644,159103.0,266632.0,-0.02627614514650012,0.0617528578346791
2023-03-01,645429,191618,152014.0,301797.0,0.0337134977313458,-0.02611249393181858
2023-04-01,631949,175460,145594.0,310895.0,-0.02088533363080991,0.03505161257710898
2023-05-01,644170,178576,147377.0,318217.0,0.019338585866897517,0.014642341662481018
2023-06-01,681228,181569,145173.0,354486.0,0.057528292220997646,0.002482347368192972
2023-07-01,709834,174804,147921.0,387109.0,0.04199181478154146,0.06472746490423464
2023-08-01,689185,177711,145989.0,365485.0,-0.029089899892087434,0.031138932355010862
2023-09-01,680846,153918,141751.0,385177.0,-0.012099799037994186,-0.017716390070854016
2023-10-01,635276,162865,142117.0,330294.0,-0.06693143530255008,-0.048719367465624885
2023-11-01,660887,171207,146319.0,343361.0,0.04031476082836427,-0.02197968873798295
2023-12-01,700774,161639,147019.0,392116.0,0.06035373672049826,0.08917926878197013
2024-01-01,701975,165025,144941.0,392009.0,0.0017138192912409256,0.04422923115636013
2024-02-01,742963,166144,150620.0,426199.0,0.05838954378717198,0.015895707598991615
2024-03-01,784136,166990,151339.0,465807.0,0.05541729534310602,0.05172064062372317
2024-04-01,775464,161749,149855.0,463860.0,-0.011059306038748384,0.031018779915342964
2024-05-01,809431,155256,145072.0,509103.0,0.04380216231830225,-0.04161507173789869
2024-06-01,809322,157240,149714.0,502368.0,-0.00013466249748284032,0.0480211901511991
2024-07-01,810835,154951,150738.0,505146.0,0.001869466046888535,0.03466980128308328
2024-08-01,797162,148702,152107.0,496353.0,-0.016862863591236232,0.011321316887868749
2024-09-01,813211,167901,158358.0,486952.0,0.020132670649127826,0.022834706936630367
2024-10-01,815369,173621,164813.0,476935.0,0.0026536778277717055,0.020196884090601275
2024-11-01,890852,170052,167223.0,553577.0,0.09257526346966838,-0.009896743303151712
2024-12-01,899168,181280,175795.0,542093.0,0.009334883908887148,0.057301295482098835
2025-01-01,937253,178301,166346.0,592606.0,0.04235582227125523,-0.02499013704848363
2025-02-01,918144,183278,176051.0,558815.0,-0.020388304972083326,0.0270163042404441
2025-03-01,880316,189855,176161.0,514300.0,-0.041200508852641815,-0.014242092699825126
2025-04-01,850558,187958,175824.0,486776.0,-0.03380377046424243,-0.05754469768137538
2025-05-01,920960,187685,176698.0,556577.0,0.08277154526793007,-0.007624943346289825
2025-06-01,1007961,200573,185584.0,621804.0,0.09446772932592085,0.06152382614078289
2025-07-01,1022548,194712,186672.0,641164.0,0.014471790079179758,0.049606839467715824
2025-08-01,1059723,188221,181563.0,689939.0,0.03635526156229352,0.0216665625306407
2025-09-01,1126494,204106,194884.0,727504.0,0.06300797472547082,0.019066444295036122
2025-10-01,1183654,197923,195376.0,790355.0,0.05074150417134926,0.035323687218701494
2025-11-01,1214321,202131,194418.0,817772.0,0.025908753740535584,0.0226868719049238
2025-12-01,1225597,211720,199762.0,814115.0,0.009285847811245862,0.0012996181666717899
2026-01-01,1279042,203700,196911.0,878431.0,0.043607319534887834,-0.0005241344225139777
2026-02-01,1253192,205060,200047.0,848085.0,-0.02021043875025219,0.013662958900920286
2026-03-01,1220922,221860,205600.0,793462.0,-0.025750244176470982,-0.008668344740704326
