fold,lambda_reg,train_sh_plain,a0,b0,a_metabolism,a_ndx_52wh_ratio,a_ndx_in_range,a_ndx_return,b_metabolism,b_ndx_52wh_ratio,b_ndx_in_range,b_ndx_return,ann_ret,vol,sharpe_ex,sortino,calmar,mdd,mean_total,slope_l2,final_pp
W1,0.0,0.7816732344480535,2.584334383508883,1.4068572365864673,0.38126303723865074,1.2121108836849215,0.22694820798005902,0.1638743370468177,-0.5529974049078693,-1.0396885807848668,-0.7987968979163285,0.18282153623544214,30.76771368696205,22.856740846938205,1.2967026841766904,1.4115861291311556,0.9645262996997058,-31.8992998910877,2.0,3.751193258441301,3.7393341510868843
W1,0.005,0.7816732344480535,2.4137088712740526,1.4177757263774904,0.524367267811582,1.1234547836857849,0.35935456253587816,0.06766688169518355,-0.24555305821312373,-0.8373574103172939,-0.5012750707999434,0.06621732039498233,30.76771368696205,22.856740846938205,1.2967026841766904,1.4115861291311556,0.9645262996997058,-31.8992998910877,2.0,2.687951358169242,3.7393341510868843
W1,0.02,0.7858420017903922,2.329282546317381,1.6046309161223662,0.4103994449239641,0.9234918010801084,0.2551120096227531,0.022611319610611184,-0.18263474861672221,-0.5543841901855191,-0.45669525360960583,0.03150396591838631,30.76771368696205,22.856740846938205,1.2967026841766904,1.4115861291311556,0.9645262996997058,-31.8992998910877,2.0,1.6371185565524493,3.7393341510868843
W1,0.05,0.7851063617508628,2.3081894495035757,1.8789914047722107,0.25275195410571283,0.5065600666518004,0.3075764189616429,0.1106921051116199,-0.17740989606790802,-0.5028192598203819,-0.2269202562645248,0.1204505410362483,30.76771368696205,22.856740846938205,1.2967026841766904,1.4115861291311556,0.9645262996997058,-31.8992998910877,2.0,0.777645261874068,3.7393341510868843
W1,0.1,0.7586003405007756,2.2708011044705843,1.9611261363098254,0.24583995998126668,0.32752935647660053,0.3008228040945161,-0.023924258324012702,-0.07188733279714149,-0.40285778148784346,-0.09768133692060792,-0.001387787476077519,30.76771368696205,22.856740846938205,1.2967026841766904,1.4115861291311556,0.9645262996997058,-31.8992998910877,2.0,0.4357852451358787,3.7393341510868843
W1,0.3,0.7180836876952791,1.9383433833926105,1.831443468158975,0.05145134120930626,0.17702203131411806,0.1877186917243294,0.007802372711945709,-0.09026605639404453,-0.16532122573459063,-0.1437930193547067,0.046717489935381475,31.038902053094276,22.829769266641676,1.3072618310644835,1.3863572692575974,0.9730276889796629,-31.8992998910877,1.9830508474576272,0.1276212492217688,3.7776165643075643
W1,1.0,0.7059396027948271,2.1257770602688684,2.1212548080090143,0.044794113440174164,0.13897942142360475,0.1759786948505318,0.0012731800060236428,-0.030919345267300672,-0.11540022713010589,-0.06513358274593166,0.034948889592821566,31.038902053094276,22.829769266641676,1.3072618310644835,1.3863572692575974,0.9730276889796629,-31.8992998910877,1.9830508474576272,0.0720289410252864,3.7776165643075643
W2,0.0,0.636953414537282,2.4990276784325833,1.1424008691276986,-0.21570316370051718,1.0613913143513238,0.5268786268066817,0.25958222350444343,0.6013800910846677,-0.19496880164987435,0.11807349127382968,-0.4859677282457714,7.456321367008756,26.06015662836199,0.3708208655632746,0.2948303220899085,0.19575778038967076,-38.0895275384017,1.9322033898305084,2.1678402249637867,1.4241547434280457
W2,0.005,0.5705325249572863,2.372608500201503,1.3481563009292734,0.22212305863457737,0.5144000071312476,0.5163987867473504,0.40598374025199957,0.1757068713374657,-0.1406704604025715,0.10799892042790626,-0.6217706190075996,15.345773132068041,28.46742218287517,0.6105873811883175,0.505800346459721,0.4028869383217342,-38.0895275384017,1.9830508474576272,1.194360077356705,2.017630408462049
W2,0.02,0.5776021642308787,2.5025930700852608,1.5955222041702808,0.026582320379228412,0.32277782342074746,0.2051071628379948,0.39353459330749396,0.07313844341583532,-0.27555103512383405,0.05057401059761406,-0.5753370005816165,10.164799542354164,26.330643547712786,0.4647982227532626,0.3652047032318775,0.26686599176390563,-38.0895275384017,1.9661016949152543,0.7166785670754119,1.6095729765749724
W2,0.05,0.5776021642308787,2.305477151693343,1.5887206291759361,0.0005776720054301325,0.19419138408044162,0.13997845406568526,0.36092197859743425,0.021062422161181624,-0.24753952426410974,-0.04245910121718053,-0.4045191821340868,15.345773132068041,28.46742218287517,0.6105873811883175,0.505800346459721,0.4028869383217342,-38.0895275384017,1.9830508474576272,0.41472725528412824,2.017630408462049
W2,0.1,0.5776021642308787,2.1351341580164798,1.569228360361346,0.06873561063035212,0.13608608360925126,0.21349742131352425,0.2556225889353363,0.07857049273931282,-0.21473398950903458,0.0514859865600016,-0.3730505606167829,15.345773132068041,28.46742218287517,0.6105873811883175,0.505800346459721,0.4028869383217342,-38.0895275384017,1.9830508474576272,0.3282695993706771,2.017630408462049
W2,0.3,0.5928875872530419,2.2666670947017264,1.9580303259658514,0.04030452555380858,0.08984659634704618,0.17666963694096327,0.2397317337159835,0.013963549296911393,-0.08890220411384715,-0.07502977766352975,-0.11756678442165011,15.345773132068041,28.46742218287517,0.6105873811883175,0.505800346459721,0.4028869383217342,-38.0895275384017,1.9830508474576272,0.12593032936334253,2.017630408462049
W2,1.0,0.5869664740212341,2.3209735584485487,2.26305501616065,0.010649598762807055,0.08503327434418306,0.08628030751689594,0.1832653702153822,0.01325157227596849,-0.051586348806202886,-0.0301958759879793,-0.0733414198595581,10.164799542354164,26.330643547712786,0.4647982227532626,0.3652047032318775,0.26686599176390563,-38.0895275384017,1.9661016949152543,0.05750206942953097,1.6095729765749724
W3,0.0,0.779216079376224,2.5716119147333476,1.7062246080196375,-0.6082889091123009,0.48364264154735687,-0.35041025983914476,0.5582171903489354,0.23209456693913574,-0.2209405528502124,0.19218952068051667,-1.0101846208901726,10.509182034949038,28.68114208932869,0.3940415885714245,0.4146045169164228,0.18570609004191693,-56.59040063024827,1.8305084745762712,2.198411779512386,1.6344637442420793
W3,0.005,0.8833732883800118,2.57747261125099,1.8854287845897908,-0.07971136083201025,0.47382435781591087,-0.24800013007217386,0.45644338488310976,0.32146880147449575,-0.1645567549898615,0.09131129115767274,-0.8177386789263278,16.521240851096564,27.450965072633586,0.5930823814791037,0.6214807034864609,0.3469751735846576,-47.615051764115876,1.8305084745762712,1.3081634660640162,2.1207610855900145
W3,0.02,0.8158508209899964,2.560786880439255,1.900378775874454,-0.03519626562387185,0.3672208672253578,0.08767715922779945,0.3931507352695878,0.18732169524792316,-0.18490071128158167,0.12468852276800192,-0.585507697734308,16.14205599338576,28.473079282701917,0.5696057765880584,0.6178666300667612,0.33618041056373743,-48.01605175720178,1.8983050847457628,0.7259889096920713,2.087044727885134
W3,0.05,0.8656744626868231,2.3466380719466655,1.9495796923126045,-0.0902627833481091,0.21132886986023317,0.009930494065719697,0.3888648314395154,0.061154144759724555,-0.19362252934273474,0.11907220677385764,-0.42027620063774423,19.064714772261592,28.07598057435254,0.6632230398416907,0.6750819840003234,0.4282447140181526,-44.518272259289276,1.8644067796610169,0.43616152167588834,2.358305822758335
W3,0.1,0.8227323168325895,2.2966366736751276,2.0393089049671507,-0.023317753395940236,0.14068482851331673,0.07506375973316191,0.3417715256669645,0.13082579185287332,-0.13010492028781204,0.11795583304943037,-0.2902631597740269,16.14205599338576,28.473079282701917,0.5696057765880584,0.6178666300667612,0.33618041056373743,-48.01605175720178,1.8983050847457628,0.27498724094867427,2.087044727885134
W3,0.3,0.8196575958492336,2.2491773582645678,2.184278211942036,-0.0305039688988894,0.08402393241500704,0.03889264554523486,0.27505028908174095,0.10888035158433895,-0.11905454421786738,0.10826209575214034,-0.17171481749432094,16.32759344175245,27.998958989058565,0.5800446731391207,0.6286214443740605,0.3314706928965671,-49.25803032260035,1.847457627118644,0.15239138812232958,2.103488567917948
W3,1.0,0.8072295641396205,2.0722689919788393,2.1094349235339154,-0.0234937727239395,0.04471659112563359,0.02385362333473146,0.1741236043330907,0.08235310024427685,-0.056297057089508745,0.049013210719821426,-0.08629400689328084,10.672662639114726,29.577189676240177,0.39557142589482475,0.4399310082573719,0.1841642167169875,-57.95188028039038,1.88135593220339,0.05323989801838973,1.6463863746629326
