date,m2_level,gdp_real,cpi_level,m2_yoy,gdp_yoy,cpi_yoy,nominal_gdp_yoy,excess_liq_yoy,k,k_normalized,excess_share_pct,cumulative_excess_pct
1985-03-31,2353.8,8400.82,106.8,,,,,,0.002623473166035772,1.0644267776771743,6.052720490343965,
1985-06-30,2407.5,8474.787,107.5,,,,,,0.0026425854522608414,1.072181242065821,6.732186614899738,
1985-09-30,2448.6,8604.22,108.1,,,,,,0.002632574346502446,1.0681194170083548,6.377509473533138,
1985-12-31,2505.3,8668.188,109.5,,,,,,0.0026394734464451537,1.0709186020032544,6.622221508767745,
1986-03-31,2535.2,8749.127,109.1,7.706687059223372,4.146107165729074,2.1535580524344455,6.299665218163519,1.4070218410598523,0.0026559674906528425,1.0776107620581576,7.202114603043386,
1986-06-30,2602.4,8788.524,109.4,8.09553478712357,3.702004545954951,1.7674418604651132,5.469446406420064,2.6260883807035063,0.002706704127618206,1.0981962346653822,8.941592728671333,
1986-09-30,2651.1,8872.601,110.0,8.27003185493751,3.1191787285773875,1.757631822386685,4.8768105509640725,3.393221303973438,0.0027163296412077006,1.1021016126757988,9.264264882791128,
1986-12-31,2751.5,8920.193,110.8,9.827166407216703,2.9072396676214085,1.187214611872145,4.0944542794935535,5.73271212772315,0.0027839120174837848,1.1295219392637086,11.466969764937806,
1987-03-31,2742.5,8986.367,112.2,8.17686967497635,2.7115848244058993,2.8414298808432603,5.55301470524916,2.6238549697271907,0.0027200045359579163,1.103592634740715,9.386854485944784,
1987-06-30,2755.4,9083.256,113.5,5.879188441438665,3.353600672877488,3.7477148080438782,7.101315480921366,-1.222127039482701,0.002672681688414249,1.0843922454348358,7.7824464155029975,
1987-09-30,2774.1,9162.024,114.7,4.639583569084538,3.2619859723208355,4.2727272727272725,7.534713245048108,-2.8951296759635703,0.0026397771748756737,1.0710418343193966,6.632965402751124,
1987-12-31,2835.4,9319.332,115.6,3.0492458658913257,4.474555651430423,4.332129963898912,8.806685615329336,-5.757439749438009,0.002631914139436137,1.0678515499345502,6.35402457754628,
1988-03-31,2882.7,9367.502,116.5,5.112123974475846,4.241257896544837,3.832442067736186,8.073699964281023,-2.9615759898051763,0.0026414946064152096,1.071738651097695,6.693670236136285,
1988-06-30,2920.1,9490.594,118.0,5.9773535602816175,4.484493225777175,3.96475770925111,8.449250935028285,-2.4718973747466677,0.002607488021244142,1.057941094354189,5.476778873927623,
1988-09-30,2930.4,9546.206,119.5,5.634259759922133,4.193200105129624,4.184829991281602,8.378030096411226,-2.743770336489093,0.0025687876138664485,1.0422391041630414,4.052726864145162,
1988-12-31,2991.7,9673.405,120.7,5.512449742540726,3.799338836732069,4.4117647058823595,8.211103542614428,-2.6986538000737026,0.0025623084005190976,1.0396102805583294,3.810108585792016,
1989-03-31,2991.4,9771.725,122.2,3.7707704582509605,4.3151632099998505,4.892703862660941,9.207867072660791,-5.437096614409831,0.0025051402628359764,1.0164153428827138,1.615023129831683,
1989-06-30,3008.3,9846.293,124.1,3.0204445053251705,3.7479108262349126,5.1694915254237195,8.917402351658632,-5.8969578463334615,0.002461935139453641,0.9988856456643902,-0.11155975065280099,
1989-09-30,3068.1,9919.228,124.8,4.699017199017197,3.9075419072247097,4.435146443514637,8.342688350739348,-3.64367115172215,0.0024784322545448713,1.0055790516747372,0.5548098546251046,
1989-12-31,3161.4,9938.767,126.3,5.67236019654378,2.743211930028755,4.639602319801162,7.3828142498299165,-1.7104540532861368,0.0025185094750543487,1.02183965888713,2.137288242552182,
1990-03-31,3184.6,10047.386,128.6,6.458514407969496,2.821006526483294,5.237315875613735,8.05832240209703,-1.5998079941275334,0.0024646816681564493,1.0,0.0,-0.39995199853188335
1990-06-30,3194.2,10083.855,129.9,6.179569856729694,2.412704964193124,4.673650282030639,7.086355246223763,-0.9067853894940692,0.002438520225905103,0.9893854680751065,-1.0728408964348901,-0.6266483459054006
1990-09-30,3230.4,10090.569,132.5,5.28991884228025,1.7273622503686914,6.169871794871806,7.897234045240498,-2.6073152029602475,0.0024161548628715158,0.9803111266205705,-2.0084310832320096,-1.2784771466454625
1990-12-31,3291.6,9998.704,134.2,4.118428544315811,0.6030627340393391,6.254948535233562,6.858011269272901,-2.7395827249570903,0.002453074997506264,0.9952908033519531,-0.47314781088976243,-1.963372827884735
1991-03-31,3320.0,9951.916,134.8,4.2517113609244594,-0.9501973946258402,4.821150855365497,3.8709534607396567,0.38075790018480227,0.0024748078780703494,1.0041085264862923,0.4091715564521148,-1.8681833528385345
1991-06-30,3330.5,10029.51,136.0,4.267109135307745,-0.5389307958117096,4.695919938414161,4.156989142602452,0.11011999270529316,0.0024416916268327456,0.9906722066298729,-0.9415620331026497,-1.8406533546622112
1991-09-30,3325.4,10080.195,137.0,2.940812283308558,-0.10280887034219699,3.396226415094339,3.293417544752142,-0.35260526144358373,0.002407988407042714,0.9769977349017486,-2.3543826435344473,-1.9288046700231072
1991-12-31,3376.0,10115.329,138.2,2.564102564102577,1.1664011655910578,2.980625931445613,4.147027097036671,-1.5829245329340935,0.00241498469193209,0.979836350930653,-2.057858850633121,-2.3245358032566306
1992-03-31,3393.0,10236.435,139.1,2.198795180722901,2.858936912248855,3.189910979228472,6.048847891477327,-3.850052710754426,0.0023829119575795657,0.966823419172811,-3.4315036406104005,-3.287048980945237
1992-06-30,3361.7,10347.429,140.1,0.9367962768352944,3.169835814511379,3.0147058823529305,6.18454169686431,-5.247745420029015,0.0023189338693582117,0.9408654672604211,-6.285120965462232,-4.598985335952491
1992-09-30,3376.3,10449.673,141.1,1.53064293017382,3.6653854414522735,2.9927007299270114,6.658086171379285,-5.127443241205465,0.0022898725692751653,0.9290743704796413,-7.634009910718231,-5.880846146253857
1992-12-31,3430.5,10558.648,142.3,1.6143364928909998,4.382645388993267,2.966714905933454,7.349360294926721,-5.735023802035721,0.0022832013459837793,0.9263676423136563,-7.948502767480381,-7.314602096762787
1993-03-31,3396.3,10576.275,143.3,0.09725906277631147,3.3199058070509935,3.0194104960460155,6.339316303097009,-6.2420572403206975,0.0022409239598096295,0.9092143576845007,-9.985064748284822,-8.875116406842961
1993-06-30,3408.4,10637.847,144.3,1.389178094416521,2.806668207145946,2.9978586723768963,5.804526879522842,-4.415348785106321,0.0022203962531361487,0.9008856120543052,-11.001883770757814,-9.978953603119542
1993-09-30,3412.4,10688.606,145.0,1.0692177827799743,2.2865117406066116,2.7639971651311157,5.050508905737727,-3.981291122957753,0.002201764486729914,0.8933261098893984,-11.941203657845477,-10.974276383858982
1993-12-31,3485.9,10833.987,146.3,1.614924938055684,2.6077107599381977,2.8109627547435068,5.418673514681704,-3.8037485766260204,0.0021992889292901064,0.8923216972417971,-12.06720660172682,-11.925213528015487
1994-03-31,3458.9,10939.116,147.1,1.8431822866060044,3.430706936043171,2.6517794836008246,6.082486419643995,-4.239304133037991,0.0021495279964023227,0.8721320989132615,-14.661529055755551,-12.985039561274984
1994-06-30,3450.5,11087.361,147.9,1.2351836638892166,4.225610689832271,2.494802494802495,6.720413184634766,-5.485229520745549,0.0021041934749597728,0.853738436953476,-17.131893881743366,-14.356346941461371
1994-09-30,3448.5,11152.176,149.3,1.0579064587973308,4.337048254936149,2.965517241379323,7.302565496315472,-6.244659037518141,0.0020711464457875833,0.8403302026978497,-19.000840001886885,-15.917511700840906
1994-12-31,3498.4,11279.932,150.1,0.35858745230787914,4.116167021429895,2.597402597402576,6.713569618832471,-6.354982166524592,0.002066247259375858,0.8383424464390912,-19.282997568303827,-17.506257242472053
1995-03-31,3479.8,11319.951,151.2,0.6042383416693164,3.481405627292,2.7872195785180187,6.268625205810019,-5.6643868641407025,0.0020330962797056517,0.8248920361493913,-21.227985745627432,-18.92235395850723
1995-06-30,3521.7,11353.721,152.4,2.0634690624547147,2.4023751008017014,3.0425963488843744,5.444971449686076,-3.381502387231361,0.0020353034671660004,0.8257875625327232,-21.09651990070671,-19.76772955531507
1995-09-30,3569.6,11450.31,153.1,3.5116717413368193,2.6733258155179795,2.54521098459477,5.21853680011275,-1.7068650587759304,0.0020362313403200563,0.8261640302794687,-21.04133844482763,-20.194445820009054
1995-12-31,3648.7,11528.067,153.9,4.2962497141550315,2.1997916299495213,2.5316455696202667,4.731437199569788,-0.4351874854147564,0.0020565678627441084,0.8344152063590408,-19.8444122756926,-20.303242691362744
1996-03-31,3679.7,11614.418,155.5,5.74458302201275,2.6013098466592277,2.8439153439153486,5.445225190574576,0.29935783143817396,0.002037438776084631,0.826653925498058,-20.96960640421579,-20.2284032335032
1996-06-30,3696.4,11808.14,156.7,4.960672402532884,4.002379484223728,2.8215223097112663,6.823901793934994,-1.8632293914021103,0.0019976917289257624,0.8105272801497366,-23.376476583892437,-20.69421058135373
1996-09-30,3719.3,11914.063,157.7,4.193747198565667,4.0501348871777365,3.0045721750489918,7.054707062226728,-2.860959863661061,0.001979564352404557,0.8031724250561112,-24.50626650063814,-21.409450547268996
1996-12-31,3836.3,12037.775,159.1,5.141557266971808,4.421452442981133,3.378817413905133,7.800269856886266,-2.658712589914458,0.0020030701567934194,0.8127094799596131,-23.045199380434724,-22.07412869474761
1997-03-31,3878.0,12115.472,159.8,5.389026279316256,4.314068944306992,2.7652733118971096,7.079342256204102,-1.6903159768878462,0.002003044932421276,0.8126992456269325,-23.04674889030811,-22.496707688969572
1997-06-30,3886.0,12317.221,160.2,5.129315009198132,4.31127171595187,2.233567326100827,6.544839042052697,-1.4155240328545649,0.001969371055925801,0.7990366794097453,-25.150700308114505,-22.850588697183213
1997-09-30,3930.4,12471.01,161.2,5.675799209528676,4.674702492340366,2.21940393151554,6.894106423855906,-1.21830721432723,0.00195510499911693,0.7932484849369305,-26.0639029243791,-23.15516550076502
1997-12-31,4055.4,12577.495,161.8,5.711232176837044,4.483552816031211,1.6970458830924073,6.180598699123618,-0.46936652228657394,0.001992787664399251,0.8085375446841503,-23.68009458245297,-23.272507131336663
1998-03-31,4118.8,12703.742,162.0,6.209386281588447,4.855526883310857,1.3767209011263937,6.23224778443725,-0.022861502848803283,0.0020013545109798902,0.8120133877073376,-23.15067893442364,-23.278222507048863
1998-06-30,4145.3,12821.339,162.8,6.67267112712302,4.09279008633523,1.6229712858926382,5.715761372227868,0.9569097548951522,0.0019859494170250637,0.805763049518086,-24.105963980115995,-23.038995068325075
1998-09-30,4214.7,12982.752,163.5,7.233360472216566,4.103452727565782,1.4267990074441794,5.530251735009961,1.7031087372066045,0.0019855560401505126,0.8056034439675462,-24.130551760685503,-22.613217884023424
1998-12-31,4398.1,13191.67,164.4,8.450461113576967,4.883126568525764,1.606922126081578,6.490048694607342,1.960412418969625,0.0020279792543343137,0.8228158956735441,-21.53386988001924,-22.123114779281018
1999-03-31,4444.4,13315.597,164.8,7.905215111197417,4.816336792733988,1.7283950617283939,6.544731854462382,1.3604832567350345,0.0020253276366010283,0.8217400497468493,-21.69298555036554,-21.78299396509726
1999-06-30,4464.2,13426.748,166.0,7.693049960195886,4.721885912228041,1.9656019656019597,6.687487877830001,1.005562082365885,0.002002925137519327,0.8126506410125937,-23.054108313255227,-21.531603444505787
1999-09-30,4514.6,13604.771,167.8,7.1155716895627386,4.791118246732284,2.629969418960254,7.421087665692538,-0.30551597612979986,0.0019775892141765264,0.80237104845095,-24.630618456459842,-21.607982438538237
1999-12-31,4669.4,13827.98,168.8,6.168572792796878,4.8235742707329665,2.676399026763998,7.499973297496965,-1.3314005047000865,0.002000460101539163,0.8116504972569061,-23.205739832557136,-21.940832564713258
2000-03-31,4728.6,13878.147,171.0,6.394563945639464,4.224744861233032,3.762135922330101,7.986880783563133,-1.5923168379236685,0.0019925305286755766,0.8084332165159341,-23.696055477489164,-22.338911774194173
2000-06-30,4723.3,14130.908,172.2,5.8039514358675826,5.2444568111355006,3.7349397590361377,8.979396570171637,-3.1754451343040557,0.0019410749931047847,0.7875560638046553,-26.97508735683345,-23.132773057770187
2000-09-30,4804.4,14145.312,173.6,6.4191733486908875,3.9731723525519014,3.45649582836709,7.429668180918991,-1.0104948322281038,0.0019564867291278743,0.7938090968929475,-25.9748727892015,-23.385396765827213
2000-12-31,4958.6,14229.765,174.6,6.193515226795743,2.9055943095086967,3.4360189573459543,6.341613266854651,-0.14809804005890825,0.0019958004158835752,0.8097599140973076,-23.493393855481905,-23.42242127584194
2001-03-31,5090.4,14183.12,176.1,7.651313285116079,2.1975051856706784,2.9824561403508643,5.179961326021543,2.4713519590945365,0.0020380778867271285,0.8269132330795421,-20.931672150880722,-22.804583286068308
2001-06-30,5130.0,14271.694,177.7,8.610505367010358,0.9962983270431103,3.193960511033689,4.190258838076799,4.420246528933559,0.0020228068325357238,0.8207172790994781,-21.844638277536642,-21.699521653834918
2001-09-30,5325.1,14214.516,178.1,10.837981849970868,0.48923629256110157,2.5921658986175045,3.081402191178606,7.756579658792263,0.002103447958827302,0.8534359572693436,-17.173408441753857,-19.760376739136852
2001-12-31,5480.8,14253.574,177.4,10.531198322107048,0.16731829373148877,1.603665521191311,1.7709838149227997,8.760214507184248,0.002167537222483403,0.879439016603184,-13.708850883427992,-17.57032311234079
2002-03-31,5492.7,14372.785,178.5,7.903111739745405,1.3372586567694578,1.3628620102214661,2.700120666990924,5.2029910727544815,0.0021409510106377137,0.8686521420995994,-15.120881136944252,-16.26957534415217
2002-06-30,5515.5,14460.848,179.6,7.5146198830409405,1.3253787532159889,1.0692177827799743,2.394596535995963,5.120023347044977,0.002123659062949857,0.8616362471419391,-16.058255826285816,-14.989569507390925
2002-09-30,5624.5,14519.633,180.8,5.622429625734715,2.1465169830615416,1.516002245929271,3.6625192289908126,1.9599103967439024,0.00214254452416195,0.8692986813849053,-15.035260194674471,-14.49959190820495
2002-12-31,5803.8,14537.58,181.8,5.893300248138966,1.9925248221954739,2.4802705749718212,4.472795397167295,1.4205048509716711,0.0021959701965004437,0.8909751814492951,-12.236571884455948,-14.144465695462031
2003-03-31,5890.9,14614.141,183.9,7.249622225863406,1.6792570124718242,3.025210084033625,4.704467096505449,2.5451551293579566,0.002191929734439835,0.8893358370614127,-12.443461550391266,-13.508176913122542
2003-06-30,5990.6,14743.567,183.1,8.613906264164628,1.9550651524723905,1.948775055679297,3.9038402081516876,4.71006605601294,0.00221911296184523,0.9003649398281517,-11.066075072943772,-12.330660399119306
2003-09-30,6008.0,14988.782,185.1,6.818383856342791,3.2311353875128956,2.378318584070782,5.609453971583678,1.2089298847591134,0.0021654948841166996,0.8786103747574275,-13.816092858690233,-12.028427927929528
2003-12-31,6091.6,15162.76,185.5,4.958820083393634,4.300440651057458,2.0352035203520247,6.335644171409482,-1.3768240880158489,0.002165754388790201,0.8787156640841809,-13.802455205145868,-12.37263394993349
2004-03-31,6174.9,15248.68,187.1,4.820995094128233,4.341952085996703,1.7400761283306032,6.082028214327306,-1.2610331201990732,0.002164332049807679,0.8781385757725751,-13.877243021719288,-12.687892229983259
2004-06-30,6237.5,15366.85,188.9,4.121456949220437,4.227491217016888,3.1676679410158393,7.395159158032727,-3.2737022088122902,0.002148788884106855,0.8718322174701457,-14.700968828815174,-13.506317782186331
2004-09-30,6299.8,15512.619,189.8,4.8568575233022715,3.494860356231766,2.5391680172879516,6.0340283735197175,-1.177170850217446,0.0021396632523442887,0.8681296574679884,-15.190166744980038,-13.800610494740692
2004-12-31,6457.5,15670.88,191.7,6.006632083524854,3.3511049439547858,3.3423180592991875,6.693423003253973,-0.6867909197291189,0.002149556758100992,0.8721437684521886,-14.659994850931568,-13.972308224672972
2005-03-31,6469.9,15844.727,193.1,4.777405302110149,3.9088432572524257,3.2068412613575736,7.115684518609999,-2.33827921649985,0.002114611226630787,0.8579652512336368,-16.554836989276268,-14.556878028797934
2005-06-30,6487.0,15922.782,193.7,4.0000000000000036,3.6177355801611855,2.541026998411855,6.15876257857304,-2.158762578573037,0.0021032714563262904,0.8533643445725431,-17.18324140914369,-15.096568673441194
2005-09-30,6550.0,16047.587,198.8,3.9715546525286527,3.448598847170792,4.741833508956805,8.190432356127598,-4.218877703598944,0.0020531240065375686,0.8330179240036623,-20.04543614065184,-16.15128809934093
2005-12-31,6716.2,16136.734,198.1,4.0061943476577655,2.9727366937913002,3.3385498174230532,6.3112865112143535,-2.305092163556588,0.0021009876752571227,0.8524377417180349,-17.310620008983022,-16.72756114023008
2006-03-31,6787.1,16353.835,199.7,4.902703287531507,3.2131067957182013,3.4179181771103018,6.631024972828503,-1.7283216852969963,0.002078196320286916,0.8431905617415415,-18.597152930006878,-17.159641561554327
2006-06-30,6829.6,16396.151,201.8,5.28133189455835,2.9729038556202125,4.1817243159525175,7.15462817157273,-1.8732962770143802,0.00206410695511127,0.8374740567025014,-19.406683944029712,-17.62796563080792
2006-09-30,6882.4,16420.738,202.8,5.074809160305338,2.325277937424497,2.012072434607637,4.337350372032134,0.7374587882732042,0.002066708794037839,0.8385297057788851,-19.256359447770556,-17.44360093373962
2006-12-31,7119.5,16561.866,203.1,6.004883714004938,2.6345603763438197,2.5239777889954462,5.158538165339266,0.8463455486656724,0.0021165586360898598,0.8587553773924155,-16.44759687403292,-17.232014546573204
2007-03-31,7219.8,16611.69,205.288,6.3753296695201245,1.5767249700146868,2.798197295943927,4.374922265958614,2.0004074035615105,0.0021171312641335084,0.8589877108621073,-16.416100877202112,-16.731912695682826
2007-06-30,7252.8,16713.314,207.234,6.196556167271883,1.9343747200181172,2.692765113974227,4.627139833992344,1.5694163332795386,0.0020940262397648227,0.8496132652015576,-17.700610496325698,-16.339558612362943
2007-09-30,7331.3,16809.587,208.547,6.52243403463908,2.3680360773066234,2.8338264299802685,5.201862507286892,1.3205715273521879,0.0020913176431386943,0.8485143011198576,-17.8530519379831,-16.009415730524896
2007-12-31,7526.4,16915.191,211.445,5.715288995013679,2.133364682457861,4.108813392417532,6.242178074875393,-0.5268890798617143,0.0021043257510092667,0.8537921055676435,-17.124531074827654,-16.141138000490326
2008-03-31,7747.1,16843.003,213.448,7.303526413474071,1.3924712055185307,3.9749035501344343,5.367374755652965,1.9361516578211058,0.002154902108330208,0.8743125476086522,-14.37557458544061,-15.657100086035049
2008-06-30,7713.2,16943.291,217.463,6.34789322744318,1.3760107660276244,4.935966105947864,6.311976871975489,0.03591635546769112,0.0020933962779981783,0.849357669610945,-17.736029917532605,-15.648120997168126
2008-09-30,7870.7,16854.295,218.877,7.35749457804209,0.26596727212868654,4.953319875136075,5.219287147264762,2.138207430777328,0.0021335490934923013,0.8656489481208213,-15.520269754943072,-15.113569139473794
2008-12-31,8277.4,16485.35,211.398,9.978210034013602,-2.5411536884212604,-0.02222800255385904,-2.5633816909751195,12.541591724988722,0.00237517107870633,0.963682697604891,-3.768595460453006,-11.978171208226614
2009-03-31,8427.4,16298.262,212.495,8.781350440810098,-3.234227293078318,-0.4464787676623838,-3.6807060607407016,12.4620565015508,0.0024333444940846717,0.9872855085195577,-1.2878231647001304,-8.862657082838915
2009-06-30,8386.4,16269.145,214.79,8.727895037079293,-3.9788374053187248,-1.2291746182109153,-5.2080120235296405,13.935907060608933,0.0023999201101897014,0.9737241694116268,-2.69848807432298,-5.3786803176866815
2009-09-30,8361.3,16326.281,215.861,6.233244819393446,-3.1328157006863644,-1.377942862886472,-4.510758563572836,10.744003382966284,0.002372533505086672,0.9626125498232383,-3.8839562380136305,-2.6926794719451106
2009-12-31,8544.1,16502.754,217.347,3.22202624012371,0.10557252348297741,2.8141231232083674,2.919695646691345,0.302330593432365,0.002382079473257799,0.9664856537191532,-3.467650673538669,-2.617096823587019
2010-03-31,8576.4,16582.71,217.353,1.768042338087672,1.7452658449103264,2.2861714393279886,4.031437284238315,-2.263394946150643,0.0023794899970373128,0.9654350205871175,-3.5802491805054126,-3.18294556012468
2010-06-30,8575.8,16743.162,217.199,2.2584183916817713,2.91359502911801,1.1215605940686268,4.035155623186637,-1.7767372315048657,0.002358192986422049,0.9567941437994901,-4.515689867094785,-3.6271298680008965
2010-09-30,8622.1,16872.266,218.275,3.1191321923624393,3.344209253779229,1.1183122472331775,4.462521501012406,-1.343389308649967,0.0023411845259532493,0.9498932686525906,-5.2749854116226125,-3.962977195163388
2010-12-31,8895.9,16960.864,220.472,4.11746117203684,2.7759609093124693,1.437793022217937,4.213753931530406,-0.09629275949356586,0.002378967334032543,0.9652229595280678,-3.603005930250136,-3.9870503850367793
2011-03-31,9013.1,16920.632,223.046,5.091880042908459,2.037797199613345,2.619241510354109,4.657038709967454,0.434841332941005,0.002388158626039053,0.9689521599863911,-3.2042696529047454,-3.878340051801528
2011-06-30,9146.9,17035.114,224.806,6.659437020452907,1.7437088645501975,3.5023181506360412,5.246027015186239,1.4134100052666687,0.0023884765879247493,0.9690811672694833,-3.1905307599398025,-3.5249875504848607
2011-09-30,9471.2,17031.313,226.597,9.847948875563972,0.9426534645672335,3.812621692818685,4.755275157385919,5.092673718178054,0.002454159141050522,0.9957306749825433,-0.4287630304782519,-2.251819120940347
2011-12-31,9738.5,17222.583,227.223,9.471779134207893,1.543075871606514,3.062066838419386,4.6051427100259,4.866636424181992,0.0024885220469262432,1.0096728024060106,0.9580135646875654,-1.0351600148948488
2012-03-31,9890.1,17367.01,228.807,9.730281479180313,2.6380693108862374,2.5828752813320977,5.220944592218335,4.509336886961978,0.0024888935462305285,1.009823531528187,0.9727968522698971,0.0921742068456457
2012-06-30,9911.7,17444.525,228.524,8.361302736446241,2.403335839137921,1.653870448297634,4.057206287435555,4.304096449010686,0.0024863209134454232,1.008779732315354,0.8703319499890005,1.1681983190983172
2012-09-30,10120.4,17469.65,231.015,6.85446405946446,2.5737123144880414,1.9497168982819613,4.523429212770003,2.3310348466944575,0.002507686800208436,1.0174485543539398,1.7149323451561949,1.7509570307719315
2012-12-31,10641.1,17489.852,231.221,9.268367818452528,1.551852007332477,1.7595049796895523,3.3113569870220294,5.957010831430499,0.002631316656780666,1.067609132155739,6.332760756665811,3.2402097386295563
2013-03-31,10607.4,17662.4,232.282,7.252707252707236,1.700868485709428,1.5187472411246183,3.2196157268340464,4.033091525873189,0.0025854948285895423,1.0490177542982497,4.6727287595852545,4.248482620097853
2013-06-30,10584.4,17709.671,232.445,6.7869285793557,1.5199382041070075,1.7157935271568725,3.23573173126388,3.55119684809182,0.002571198121801556,1.0432171241508765,4.142677794524607,5.136281832120808
2013-09-30,10852.3,17860.45,233.544,7.2319275917947845,2.237022493295515,1.0947341081747997,3.331756601470315,3.9001709903244697,0.0026017207441291347,1.0556011259966034,5.267247696814437,6.111324579701925
2013-12-31,11153.4,18016.147,234.719,4.814351899709601,3.0091449601746367,1.5128383667573297,4.5219833269319665,0.29236857277763484,0.00263752821879218,1.0701293610728309,6.553353606009315,6.184416722896334
2014-03-31,11329.1,17953.974,236.028,6.803740784735202,1.6508175559380112,1.6126949139408042,3.2635124698788154,3.5402283148563862,0.0026734452341496246,1.0847020403041858,7.808784086036436,7.06947380161043
2014-06-30,11357.7,18185.911,237.231,7.306035297229907,2.6891521587272926,2.0589816945944195,4.748133853321712,2.557901443908195,0.0026325940307897256,1.0681274035518236,6.378209502469534,7.708949162587478
2014-09-30,11466.7,18406.941,237.477,5.661472683210023,3.059782928201682,1.6840509711232077,4.74383389932489,0.917638783885133,0.002623223390377418,1.0643254357223162,6.043775105183036,7.938358858558761
2014-12-31,11816.1,18500.031,236.252,5.9416859432998015,2.6858351011456394,0.6531213919623191,3.3389564931079585,2.602729450191843,0.002703498966536838,1.0968957985389736,8.833637494831814,8.589041221106722
2015-03-31,11987.4,18666.621,235.976,5.810699879072478,3.9692994988184793,-0.022031284423873476,3.947268214394606,1.8634316646778726,0.002721394183788727,1.1041564592089068,9.433125019576627,9.054899137276191
2015-06-30,11975.9,18782.243,237.657,5.443003424989201,3.2790878609270546,0.1795718097550525,3.458659670682107,1.984343754307094,0.00268293465542517,1.0885522013201694,8.134860341357586,9.550985075852964
2015-09-30,12103.0,18857.418,237.498,5.549111775837856,2.4473213664345517,0.008842961634170088,2.4561643280687218,3.0929474477691343,0.0027024075692894923,1.0964529838495771,8.79681894894725,10.324221937795247
2015-12-31,12483.9,18892.206,237.761,5.651610937619012,2.119861312664817,0.6387247515364791,2.758586064201296,2.8930248734177155,0.0027792460047492357,1.1276287890062804,11.318333679539428,11.047478156149676
2016-03-31,12755.8,19001.69,238.08,6.410063900428775,1.7950168913805964,0.8916160965521946,2.686632987932791,3.723430912495984,0.0028196328315268073,1.1440150133610791,12.588559737338379,11.978335884273672
2016-06-30,12760.4,19062.709,240.222,6.550655900600377,1.493250832714721,1.0792865347959424,2.5725373675106633,3.978118533089714,0.002786550331073818,1.1305923872749548,11.550793083767275,12.9728655175461
2016-09-30,12961.7,19197.938,241.176,7.094935140047931,1.8057615310855146,1.5486446201652182,3.354406151250733,3.740528988797198,0.002799453723216196,1.1358277052103658,11.958477908866405,13.9079977647454
2016-12-31,13322.1,19304.352,242.637,6.714247951361352,2.1815663030564147,2.0507989115119862,4.232365214568401,2.481882736792951,0.002844201974847637,1.153983498800096,13.34364823762273,14.528468448943638
2017-03-31,13497.6,19398.343,243.892,5.815393781652278,2.0874616941966906,2.44119623655914,4.528657930755831,1.2867358508964477,0.0028529513402369812,1.1575333955280938,13.60940393916007,14.85015241166775
2017-06-30,13479.2,19506.949,244.163,5.633052255415194,2.3304137937582903,1.640565809959127,3.970979603717417,1.6620726516977768,0.0028300552641010654,1.1482437268330523,12.910475656759768,15.265670574592194
2017-09-30,13645.8,19660.766,246.435,5.277857071217507,2.410821412174591,2.1805652303711787,4.5913866425457694,0.6864704286717371,0.0028164119526834465,1.142708200037081,12.488595078993047,15.43728818176013
2017-12-31,13968.4,19882.352,247.805,4.851337251634491,2.9941434967617697,2.129930719552253,5.124074216314023,-0.2727369646795319,0.0028351029881512717,1.1502917495515326,13.065533123238282,15.369103940590247
2018-03-31,14030.5,20044.077,249.577,3.9481092935040207,3.328810094759116,2.3309497646499366,5.659759859409053,-1.7116505659050318,0.002804674885551837,1.137946097375609,12.122375365032456,14.941191299113989
2018-06-30,14025.7,20150.476,251.018,4.054394919579796,3.2989628465220244,2.8075506935940187,6.106513540116043,-2.0521186205362474,0.0027729010409793973,1.1250544347390274,11.11541191942731,14.428161643979927
2018-09-30,14150.6,20276.154,252.182,3.6993067463981566,3.130030640718684,2.332055105808828,5.462085746527512,-1.7627790001293553,0.0027674207249196565,1.1228308956384019,10.939394000960812,13.987466893947587
2018-12-31,14570.4,20304.874,252.767,4.3097276710288845,2.125110751484538,2.0023809043401064,4.127491655824644,0.18223601520424015,0.0028389046210405724,1.1518341933236502,13.181948773853325,14.033025897748647
2019-03-31,14574.5,20431.641,254.277,3.877267381775429,1.9335587266003706,1.8831863513063984,3.816745077906769,0.060522303868659755,0.0028053259983693343,1.138210274622476,12.142771656873153,14.048156473715812
2019-06-30,14703.6,20602.275,255.213,4.833270353707841,2.242125694698238,1.671194894390049,3.913320589088287,0.9199497646195542,0.0027964412972173954,1.1346054678570714,11.863636450765625,14.2781439148707
2019-09-30,15064.1,20843.322,256.43,6.455556654841499,2.797216868642849,1.6844977040391562,4.481714572682005,1.9738420821594937,0.002818431083062089,1.1435274256615215,12.551288446666863,14.771604435410573
2019-12-31,15498.5,20985.448,258.63,6.3697633558447375,3.3517765241980912,2.3195274699624457,5.671303994160537,0.6984593616842005,0.002855568106994743,1.1585951013019349,13.688569986505083,14.946219275831623
2020-03-31,16662.4,20709.212,258.076,14.325705856118564,1.3585350290757248,1.4940399642909163,2.852574993366641,11.473130862751923,0.003117642858900315,1.2649271908742163,20.94406640836931,17.814501991519606
2020-06-30,18206.4,19077.992,257.042,23.822737288827224,-7.39861495878491,0.7166562831830481,-6.681958675601862,30.504695964429086,0.0037126783543236434,1.5063520787658877,33.614457463405756,25.44067598262688
2020-09-30,18533.7,20558.879,259.997,23.032242218253995,-1.3646720997737227,1.3910228912373812,0.026350791463658485,23.00589142679034,0.003467323488281211,1.4068037804146631,28.916881378777326,31.192148839324464
2020-12-31,19328.2,20791.917,262.045,24.71013323870053,-0.9222152417236895,1.3204191315779434,0.3982038898542539,24.311929348846277,0.0035474885350726855,1.4393292979397871,30.52319566958235,37.27013117653603
2021-03-31,20129.4,21082.134,264.961,20.807326675628968,1.8007541764505586,2.6678187820641908,4.468572958514749,16.33875371711422,0.003603581149058449,1.4620878613317565,31.604657527958647,41.35481960581459
2021-06-30,20361.9,21440.929,270.654,11.83924334300026,12.385669309432568,5.295632620349999,17.681301929782567,-5.842058586782307,0.0035088132282288724,1.4236374918361852,29.7573992161294,39.89430495911901
2021-09-30,20869.3,21617.828,273.91,12.601908955038654,5.1508109950936465,5.351215590949132,10.502026586042778,2.0998823689958757,0.003524422272950008,1.429970579359334,30.06849130784024,40.41927555136798
2021-12-31,21776.1,21988.737,280.845,12.664914477292232,5.756179192135091,7.174340285065539,12.93051947720063,-0.2656049999083985,0.003526250177429017,1.4307122185343342,30.10474174712572,40.352874301390884
2022-03-31,21883.1,21932.71,287.674,8.712132502707458,4.034582077886428,8.572204966013853,12.606787043900281,-3.894654541192823,0.003468294255352147,1.4071976515922184,28.9367773696525,39.379210666092675
2022-06-30,21564.3,21967.045,294.957,5.905146376320469,2.4537929303342976,8.979361103105798,11.433154033440097,-5.528007657119627,0.003328166293767058,1.3503432661372794,25.94475604262113,37.99720875181277
2022-09-30,21397.3,22125.625,296.349,2.5300321524919456,2.3489732641040373,8.192106896425821,10.541080160529859,-8.011048008037914,0.003263322251167155,1.3240339689011762,24.473236828666412,35.994446749803295
2022-12-31,21440.6,22278.345,298.832,-1.5406799197285048,1.3170742821654535,6.404600402357152,7.721674684522606,-9.262354604251112,0.0032205267298062797,1.3066704602932324,23.46960994468429,33.67885809874052
2023-03-31,20906.2,22439.607,301.821,-4.4641755509959635,2.3111462286238282,4.917719362889961,7.228865591513789,-11.693041142509752,0.0030868135681427216,1.2524187638607378,20.15450192415078,30.75559781311308
2023-06-30,20688.5,22580.499,304.014,-4.061342125642842,2.792610476283919,3.070617072997095,5.863227549281014,-9.924569674923855,0.0030137129556614692,1.2227595127591826,18.21776976050843,28.274455394382116
2023-09-30,20620.2,22840.989,307.276,-3.631766624761057,3.2331922827038895,3.687206638119256,6.920398920823145,-10.552165545584202,0.002937983334264213,1.192033588849544,16.109746457302386,25.636414007986065
2023-12-31,20950.5,23033.78,308.741,-2.285850209415774,3.390893713155063,3.3159099427102934,6.7068036558653565,-8.992653865281131,0.0029460144400046866,1.1952920647185517,16.338438987674188,23.388250541665784
2024-03-31,21062.0,23082.119,312.345,0.7452334714104003,2.8632943527041155,3.4868349120836584,6.350129264787774,-5.6048957933773735,0.002921388898294523,1.1853006966533268,15.63322262245519,21.98702659332144
2024-06-30,20988.1,23286.508,313.044,1.4481475215699424,3.1266315239534936,2.9702579486470926,6.096889472600586,-4.648741951030644,0.002879143910389295,1.1681605570356914,14.395329137153324,20.824841105563777
2024-09-30,21198.4,23478.57,314.732,2.8040465174925533,2.7913896372876,2.4264830315416708,5.217872668829271,-2.4138261513367176,0.002868735708019133,1.1639376172116018,14.08474258305531,20.221384567729597
2024-12-31,21660.4,23586.542,317.604,3.388463282499221,2.3997884845648576,2.870690967509981,5.270479452074839,-1.8820161695756177,0.0028914536499139503,1.173155011160821,14.75977253760239,19.750880525335692
2025-03-31,21912.6,23548.21,319.785,4.038552843984422,2.0192730138857806,2.381981462805549,4.40125447669133,-0.3627016327069077,0.002909899046795122,1.180638897262416,15.300097064502028,19.660205117158966
2025-06-30,21949.2,23770.976,321.435,4.579261581562899,2.0804665087611918,2.680453865910226,4.760920374671418,-0.18165879310851896,0.002872622238957038,1.1655145068311086,14.200982129439321,19.614790418881835
2025-09-30,22063.0,24026.834,324.245,4.078609706392933,2.335167772142843,3.0225715847133294,5.357739356856173,-1.27912965046324,0.002832009652911312,1.1490366847373112,12.970576720218773,19.295008006266023
2025-12-31,22634.6,24055.749,326.031,4.497608539085141,1.9892996607980828,2.653304114557753,4.642603775355836,-0.14499523627069522,0.0028859914779438183,1.170938833696322,14.598442615206174,19.25875919719835
