feature,fold,a0,a_f,b0,b_f,f_mean_train,f_std_train,train_sh,test_sh,baseline_test_sh,delta_test_sh,test_ann_ret,mean_ws
metabolism,W1,1.8409233699131862,-0.6530040394206156,2.200955245524755,0.2202190826660286,0.006375157411295392,0.004594813656446373,0.3393247802816938,0.6714723325946728,0.0,0.6714723325946728,5.488760403215687,0.5555555555555556
metabolism,W2,1.1835402981131107,0.16645223475816112,2.832339332799707,-0.05739738402427969,0.006712336356861661,0.005002502592785536,0.35545716850722825,0.7807598689083002,0.15046437868006127,0.6302954902282389,3.8718936038596885,0.03981481481481481
metabolism,W3,2.029252733838189,-0.3076576360668378,2.3735399923171463,0.1611207646867024,0.006872332628113531,0.0070336053565633475,0.5266296544490692,0.06770225099162078,-0.12827138301802968,0.19597363400965045,3.6059683581847635,0.7962962962962964
m2_growth,W1,1.9668616666584577,-0.6911856619477355,2.1916967076645735,0.15104763527722873,0.004032619644665294,0.007787630077994664,0.3345748775116273,0.6714723325946728,0.0,0.6714723325946728,5.488760403215687,0.5555555555555556
m2_growth,W2,1.670687644366997,-0.2870903930921592,2.7092009468284663,0.7049978061678165,0.004727350904231103,0.008000361563447855,0.3125087316187677,-0.3325811381120988,0.15046437868006127,-0.48304551679216,0.09210192184010424,0.23703703703703705
m2_growth,W3,2.0759564198119436,0.11013814894225822,2.3179635037175714,-0.6083156370918686,0.005221623121329556,0.009140907434794315,0.5700375869404128,0.4401273897409765,-0.12827138301802968,0.5683987727590062,7.269979445878461,0.3722222222222223
m2_3m,W1,2.0769679101082414,1.1175825917021855,1.4104859627822903,-0.7732602139432516,0.012067650628113014,0.009997432619757378,0.3331672106698695,0.7012580993363529,0.0,0.7012580993363529,7.1225711562562966,0.8703703703703703
m2_3m,W2,2.0554744858980896,0.30135736279499253,2.4043106709216917,-0.15662887878448875,0.014172919568211366,0.010354589103499937,0.29892883477818605,0.8871136370934518,0.15046437868006127,0.7366492584133906,13.164964649967148,0.7546296296296297
m2_3m,W3,1.9728438387126095,0.37587737547552075,2.170584700130312,-0.7695891078472884,0.01569580337743714,0.016879953282470533,0.5706917587323505,-0.31790805742409556,-0.12827138301802968,-0.18963667440606588,0.8576365376062434,0.20000000000000007
sp_return,W1,1.0201380218718261,-0.3514824636125561,2.769214911650471,-0.591618958551721,0.006541240300536056,0.043329367176033855,0.5277662639632543,0.0,0.0,0.0,0.05464249393598575,0.0
sp_return,W2,1.3237300675728123,0.09799556250144431,2.534508207900041,-0.462596896414199,0.005999055707572976,0.044118968937060486,0.41165674463993984,0.6535998312788175,0.15046437868006127,0.5031354525987562,4.2573348339200345,0.09351851851851853
sp_return,W3,1.6629510807489347,-0.15846393975946071,2.114795569128619,-0.4368441539845332,0.0053229429736668795,0.043424634828966115,0.6304633442128221,0.08738507497036642,-0.12827138301802968,0.2156564579883961,4.062136274851169,0.35462962962962974
ndx_return,W1,2.0718259673567556,0.7545501295809103,1.4719171438428753,-0.7760749529700033,0.013127014767694626,0.0778319387122671,0.34756203364966975,0.6962618713616563,0.0,0.6962618713616563,8.029284515196021,0.9074074074074074
ndx_return,W2,2.0361424461853397,0.5167045621912656,1.1572388436304692,-0.5683731297524293,0.011626480667955732,0.07619021475532921,0.340107481748208,0.8342913591525243,0.15046437868006127,0.683826980472463,12.858743482224133,0.9277777777777778
ndx_return,W3,2.125498942689502,0.29772552252937845,1.2879770018747256,-0.6515202507806824,0.009203174990556081,0.06361066531871792,0.6009378317037194,0.7168646116024135,-0.12827138301802968,0.8451359946204432,12.994144769893667,0.8907407407407407
sp_1m,W1,1.1281710635820905,-0.4465167826906751,2.7240600446591796,-0.40329458764254456,0.006372605788001044,0.04317885041067022,0.46762675416516253,0.0,0.0,0.0,0.05464249393598575,0.0
sp_1m,W2,1.0722199279382758,-0.5931891863299478,2.68696345397247,-0.7416390822378051,0.00614478095106738,0.04409876618152089,0.3987630296553396,0.05197638018353131,0.15046437868006127,-0.09848799849652995,1.232766309409672,0.000925925925925926
sp_1m,W3,1.7537641609159662,0.2575599910347045,2.655703729364213,-0.234264325750031,0.005185159584209207,0.04337595571377885,0.6160230272923284,-0.514800305324295,-0.12827138301802968,-0.38652892230626534,0.9194834838680999,0.15000000000000002
ndx_1m,W1,2.2475398717946207,0.7732229698306309,1.6039988808351484,-0.8996624230329372,0.013101189385424879,0.07782156350575951,0.32810127436718967,0.7180928667480975,0.0,0.7180928667480975,8.337176619309528,0.9074074074074074
ndx_1m,W2,2.4124868833110553,0.6796503774686949,1.1042835326388323,-0.5096559790816652,0.011567374014999928,0.07621655750102165,0.274128031595934,0.7728757232605274,0.15046437868006127,0.6224113445804662,12.644232229965958,1.0
ndx_1m,W3,2.5515354794536105,0.5924171777921884,1.4309046004578796,-0.4725534261719501,0.008718602501338673,0.06373681408168602,0.5920160537396348,0.41277928935427416,-0.12827138301802968,0.5410506723723039,8.356458254978016,0.8916666666666667
ndx_3m,W1,2.211011192634949,0.7893863813921594,1.52733707082756,-0.5979238960693213,0.04145123961902423,0.1442417178630386,0.43952513055295306,0.7180928667480975,0.0,0.7180928667480975,8.337176619309528,0.9814814814814815
ndx_3m,W2,1.4739749058988005,0.6455561267359337,2.394438371322506,-1.2923159702888758,0.035215999413418575,0.1376146802897484,0.3976498908287876,0.22935671153750456,0.15046437868006127,0.07889233285744329,3.5691065530437216,0.5620370370370371
ndx_3m,W3,1.3220495028793264,0.46067101204910926,2.122674545782592,-0.37836959916588336,0.023487447637423213,0.11304261309834646,0.6480984603741003,0.14730291292816622,-0.12827138301802968,0.27557429594619587,4.597668719391068,0.3055555555555556
sentiment,W1,1.205095666938179,-0.3721569766954395,2.799138235437614,-0.3173058907970331,0.06660152752556618,0.18930996745496628,0.5501014989360884,0.0,0.0,0.0,0.05464249393598575,0.0
sentiment,W2,1.8037340027942461,-0.1361013884962833,2.2415104427593273,-0.5662527332136089,0.04030670146267126,0.19150491277172133,0.5989918881336062,0.23718345890093898,0.15046437868006127,0.08671908022087771,3.3259076717385483,0.5722222222222222
sentiment,W3,1.8479707006132267,0.4416363733762055,1.9960344716196967,-0.8022787884755843,-0.005613662392959287,0.19907399510269375,0.7488299368360114,0.30402739741632184,-0.12827138301802968,0.43229878043435155,6.102329143070095,0.48518518518518516
yield_curve,W1,1.4920534161301409,-0.8074777647859803,2.390976455266913,1.2332185338267443,0.01132249999999999,0.009273069992366779,0.37031709785683165,0.0,0.0,0.0,0.05464249393598575,0.0
yield_curve,W2,1.3490118305120922,0.23089565832389872,2.529761203063407,-0.569826340315892,0.012504166666666656,0.009495283002920735,0.5380616610056528,0.35725516396983675,0.15046437868006127,0.20679078528977549,1.2920775985850508,0.006481481481481482
yield_curve,W3,1.8145589041002774,-0.0357282630415298,2.2919471333152823,-0.2626192993953369,0.013454166666666656,0.00860124405569075,0.7359121604183616,0.1992951486762325,-0.12827138301802968,0.3275665316942622,4.628688769870193,0.10833333333333332
credit_spread,W1,1.737608183230248,-0.6734456438610453,1.166644463625743,0.6416520266270802,0.00948749999999996,0.004434101985370517,0.42161502220247576,0.7185384395906781,0.0,0.7185384395906781,7.939599729884361,0.7407407407407407
credit_spread,W2,2.258259591565717,-0.8925994948561145,2.0615834363036796,0.5985596164961218,0.010040833333333289,0.004412293353675497,0.39137953867762365,0.5028893289501023,0.15046437868006127,0.35242495027004106,7.9520071226739875,0.9083333333333333
credit_spread,W3,2.182689256884395,-0.8922320856692829,1.644233072348593,0.2627603997125558,0.010634166666666629,0.004230198888809952,0.6120736199131352,0.5056149589880525,-0.12827138301802968,0.6338863420060822,10.68017142994966,1.0
sp_52wh_ratio,W1,1.7876363976724177,0.7810771061535363,2.1365400712565594,-0.863523940004009,0.9415549095940331,0.09249422852608499,0.5481054361031512,0.7583430713954514,0.0,0.7583430713954514,8.499652582390693,0.8518518518518519
sp_52wh_ratio,W2,1.53899535753141,0.7575031760561347,2.1576798931147034,-0.9084565703870902,0.940700230214379,0.09288933036112733,0.4104824790314824,0.41816228424153995,0.15046437868006127,0.26769790556147866,6.568339721446748,0.7833333333333333
sp_52wh_ratio,W3,2.3006405337033353,0.7473428848079943,1.4714646292964597,-0.6416080422948365,0.9394178094206362,0.09301836795296128,0.5843579477892638,0.6025890361591884,-0.12827138301802968,0.730860419177218,11.188293390655812,0.8907407407407407
sp_52wl_ratio,W1,1.8492343102926805,0.8151696193962102,1.5512184563383797,-0.9879308106185526,1.1500350170749383,0.11560153812036579,0.5903400285825254,0.854000948396881,0.0,0.854000948396881,8.834871114858323,0.7601851851851852
sp_52wl_ratio,W2,2.1045964005310482,0.6623570580486111,1.8452432998254376,-0.9088550503467764,1.1588335210737513,0.11341519715298508,0.5455805723325996,0.42246382074319044,0.15046437868006127,0.2719994420631292,6.636510189566103,0.8388888888888888
sp_52wl_ratio,W3,2.119783992417773,0.8055799409999607,1.1355446863694902,-0.7153367729570853,1.1372569839034625,0.09945073584931335,0.6935004602708652,0.6145280238222576,-0.12827138301802968,0.7427994068402872,11.44213450823337,0.8898148148148147
sp_in_range,W1,1.8723776754198243,0.4955671543867357,1.920660387922882,-0.6951321478172965,0.7093357293494388,0.3507932050762928,0.5538704012478415,0.7583430713954514,0.0,0.7583430713954514,8.499652582390693,0.8703703703703703
sp_in_range,W2,2.1898245038895565,0.7414139313248191,1.8410469367983382,-0.47153325848247357,0.7164122789220564,0.3514890702098849,0.438261418710075,0.49682675375581825,0.15046437868006127,0.34636237507575696,7.855117751551255,0.8740740740740741
sp_in_range,W3,2.466862967312755,0.6854108929005698,1.0441244715709834,-0.2630596762498652,0.7012303645178174,0.3568620959409084,0.701412333766853,0.6145280238222576,-0.12827138301802968,0.7427994068402872,11.44213450823337,0.9259259259259259
ndx_52wh_ratio,W1,1.9735014742434813,0.8244325137418637,1.4107652286862933,-1.2652255433520805,0.90135259640603,0.14971353551655345,0.6140159547930444,0.7966149355974586,0.0,0.7966149355974586,9.451560962703255,1.0
ndx_52wh_ratio,W2,1.9087820630025791,0.9653708506717541,1.7333521932219078,-1.0661757361392392,0.9049700143059016,0.15034621967790576,0.47699646030053566,0.49682675375581825,0.15046437868006127,0.34636237507575696,7.855117751551255,0.9629629629629629
ndx_52wh_ratio,W3,1.8103585244400315,0.8812350132801784,1.4685369393075844,-1.356492451146956,0.9102956705339321,0.14819550311123886,0.6403648474757202,0.6015726091758731,-0.12827138301802968,0.7298439921939027,11.173740090948957,0.7972222222222222
ndx_52wl_ratio,W1,1.7003553800448286,1.1074502290493033,1.1572510727817225,-1.0296358105065608,1.2901802211774926,0.22995697721123606,0.3805721463479974,0.5484138508430375,0.0,0.5484138508430375,5.0134683694206705,0.5185185185185185
ndx_52wl_ratio,W2,1.6189885718825507,0.00529229651415213,1.8318225921850273,-0.3748870694470152,1.2734829737448332,0.22169173735106507,0.3569984618223641,0.5028893289501023,0.15046437868006127,0.35242495027004106,7.9520071226739875,0.8601851851851853
ndx_52wl_ratio,W3,2.2176652913764108,0.6522811751908326,1.5977558303163641,-0.3505871874957967,1.2014252622704034,0.1355246670868208,0.6448784070815574,0.6025890361591884,-0.12827138301802968,0.730860419177218,11.188293390655812,0.8555555555555556
ndx_in_range,W1,2.002762003129211,1.068941315521847,1.6551640579855667,-0.9286485188994221,0.7021404539468536,0.34750679663890516,0.507949024481775,0.7583430713954514,0.0,0.7583430713954514,8.499652582390693,0.9259259259259259
ndx_in_range,W2,2.1463639541705772,0.5476168389207504,1.2421720323249323,-0.4442747469122276,0.7144385435385487,0.3462792318679173,0.37989823662723465,0.6592332216246302,0.15046437868006127,0.5087688429445689,10.666889033531724,0.9814814814814815
ndx_in_range,W3,2.3307588337879417,0.624512974953608,1.2322290547350596,-0.512711746134095,0.7068052388719435,0.3509455932266435,0.6422976521872124,0.6015726091758731,-0.12827138301802968,0.7298439921939027,11.173740090948957,0.8185185185185185
sp_3m_mean,W1,1.10983193811618,-0.0474572433163302,2.377971121620853,-0.452586585952644,0.006515240159246549,0.02598268884137308,0.4671494323961903,0.0,0.0,0.0,0.05464249393598575,0.0
sp_3m_mean,W2,1.489507380183717,0.43618046112340186,2.3910100747269736,-0.5311459457738775,0.006152517166667469,0.026304564728998333,0.4468914753226964,0.018900346507315945,0.15046437868006127,-0.13156403217274532,0.6632819636515519,0.5138888888888888
sp_3m_mean,W3,1.7695645108564975,0.47220845152678254,2.261343873041183,-0.7119654171465917,0.004970512039651794,0.025623647360365452,0.6766594150812886,0.1789255170641507,-0.12827138301802968,0.30719690008218037,4.891300399600285,0.5898148148148148
sp_6m_mean,W1,2.1824678956540926,1.1099585348042187,1.6052878414097387,-0.8920707993988406,0.0062575861359023795,0.01965972039723997,0.5407957339316013,0.7180928667480975,0.0,0.7180928667480975,8.337176619309528,0.8703703703703703
sp_6m_mean,W2,2.313948049380479,0.991951061505318,1.8359668098680821,-0.9192527106408,0.006185514497143774,0.019823374990342448,0.528208182292704,0.5028893289501023,0.15046437868006127,0.35242495027004106,7.9520071226739875,0.8907407407407407
sp_6m_mean,W3,2.050031264186126,1.0080440583379582,1.6439313665731035,-0.7051837719067054,0.004707995947140631,0.018976751312512977,0.6108568797147932,0.4765794968823638,-0.12827138301802968,0.6048508799003934,8.764180969363311,0.8
sp_3m_std,W1,1.734239005486129,-0.47068360026991224,2.5346384770452803,0.7589803691865965,0.03570515882531629,0.022834748241821475,0.5490373780929426,0.7011250548663089,0.0,0.7011250548663089,7.566956788025303,0.6296296296296297
sp_3m_std,W2,1.9129883101176366,-0.321041036983079,2.565544689889705,0.4508320927068821,0.0366724312866209,0.023187558710189096,0.5003764906578752,0.32941743532986145,0.15046437868006127,0.17895305664980019,4.736836681433587,0.6333333333333334
sp_3m_std,W3,1.9279066476813138,-0.3096969478834501,2.276179405538178,-0.13492530437481992,0.03517453439757741,0.024402298375913924,0.5573658913185023,0.637743621986867,-0.12827138301802968,0.7660150050048966,7.825604816066978,0.37222222222222223
sp_6m_std,W1,1.5340332919749884,-0.7796079247396792,2.5923328566244703,0.9268592963323864,0.03793751553324623,0.018569278780863493,0.5100556413405397,0.6118927005924035,0.0,0.6118927005924035,6.5369705750430995,0.7037037037037037
sp_6m_std,W2,1.6081592085469159,-0.6203324869357058,2.7025668626336525,0.5527428170612002,0.039055485797419465,0.01796841538330922,0.4414590186544304,0.13195458708501853,0.15046437868006127,-0.018509791595042735,2.0806013836382586,0.4675925925925926
sp_6m_std,W3,1.2923309142275328,0.19810988507754035,2.4190619975321264,-0.31053186630177615,0.03790731575866513,0.019432159355764304,0.6219767645389827,0.26216178799261414,-0.12827138301802968,0.3904331710106438,4.837439484088013,0.0898148148148148
ndx_3m_mean,W1,2.2255729174975687,0.9990605031802642,1.1072202977070378,-0.8131836091900599,0.013275633136541922,0.04735317631097422,0.42881916041062285,0.7966149355974586,0.0,0.7966149355974586,9.451560962703255,0.9814814814814815
ndx_3m_mean,W2,1.8776971044741195,0.6477776544629826,1.1014878405787947,-0.7542622414471346,0.011570654791142165,0.04539812210074709,0.3618721255366103,0.7728757232605274,0.15046437868006127,0.6224113445804662,12.644232229965958,0.9453703703703703
ndx_3m_mean,W3,1.9621927656058484,0.5691280492371281,1.231920275952019,-0.2312669445568058,0.00839914700851639,0.037148737008740565,0.5861053268922626,0.4973151976436816,-0.12827138301802968,0.6255865806617112,9.817559568696721,0.9092592592592593
ndx_6m_mean,W1,2.0198314233795953,1.035729999147437,1.7662671974823432,-0.8766588967492605,0.012895827746690838,0.034580112187462785,0.5523192916109042,0.6163375910495864,0.0,0.6163375910495864,6.929381122015665,0.8518518518518519
ndx_6m_mean,W2,1.729712089025273,0.7291128875767778,2.2133048873158656,-0.6504171542273308,0.011467681552165975,0.0332634135347467,0.5423679437371796,0.6268461072003753,0.15046437868006127,0.476381728520314,9.20580100285977,0.7851851851851852
ndx_6m_mean,W3,2.150760487891641,0.8550628289951807,1.2401010269760697,-0.759521308747263,0.007655924196150022,0.027897363006562283,0.5427846391263401,0.6755796718173457,-0.12827138301802968,0.8038510548353753,11.527904021386881,0.8703703703703703
ndx_3m_std,W1,1.7093967851117164,-1.3316184799286075,2.258770232696412,1.3529697044962061,0.06319796916536277,0.04182228714856349,0.5595312782087962,0.8695500994967738,0.0,0.8695500994967738,10.027613866799602,0.8888888888888888
ndx_3m_std,W2,1.8429164565542522,-1.0662541975138085,2.3292808689721287,1.4031374731221873,0.06181785598422567,0.042417015006781036,0.4937962417489909,0.32941743532986145,0.15046437868006127,0.17895305664980019,4.736836681433587,0.7425925925925926
ndx_3m_std,W3,2.140113310003388,-1.094134133721735,2.2319181646051516,0.31057928887092673,0.0515353830175383,0.03825350524159116,0.5950227436541663,0.6005391409531072,-0.12827138301802968,0.7288105239711369,10.021073653562041,0.6388888888888888
ndx_6m_std,W1,1.3718285957763732,-0.6519475624847985,2.638829029577507,0.8075558605692827,0.0679223540929776,0.03547897169966768,0.6412363588718156,0.7583430713954514,0.0,0.7583430713954514,8.499652582390693,0.8148148148148148
ndx_6m_std,W2,1.548406073549949,-0.7672670285437572,2.5072455285433213,0.6736900467206798,0.06526828212242791,0.03676093764817991,0.50191761092034,0.2544842921377759,0.15046437868006127,0.10401991345771464,3.5047831901169335,0.6046296296296296
ndx_6m_std,W3,2.118855321942623,-0.3391217612434544,1.9958997131411453,0.18426506791837674,0.05556589768705154,0.032505146259585185,0.5342309329101562,0.6008248500122545,-0.12827138301802968,0.7290962330302841,11.166082634629483,0.8435185185185184
vix_3m_mean,W1,1.6530144595022231,-0.7430665409947868,2.2469521705404794,1.230267086049934,20.310510594146088,7.6906333921824945,0.6376058092649037,0.6088467938013702,0.0,0.6088467938013702,6.832690556957255,0.8518518518518519
vix_3m_mean,W2,1.4171086434263473,-0.6069089823020073,2.1121215771648645,1.2013007816471495,20.965904612432585,7.540671904831338,0.5266536593797576,0.24757947066783853,0.15046437868006127,0.09711509198777726,3.7060367292613527,0.7444444444444445
vix_3m_mean,W3,1.3807506154653646,-0.7665012679108154,2.427503862086332,0.9084364450023952,19.80039206683789,8.083713028398908,0.7067988347455646,0.1514392319988091,-0.12827138301802968,0.2797106150168388,4.363681366082939,0.28148148148148155
vix_6m_mean,W1,2.0515810079991996,-0.8716529669597052,2.4359713395788964,1.2507408545505887,20.351996163092206,7.264979538483397,0.6633364152082225,0.6590377457309115,0.0,0.6590377457309115,7.156154946556925,0.8333333333333334
vix_6m_mean,W2,1.127303731078606,-0.5003829091204186,2.609832421545573,1.3642317752110378,20.929567252629017,7.034442305414894,0.5222966498433314,0.3374792010343396,0.15046437868006127,0.18701482235427833,4.83124426985071,0.7092592592592593
vix_6m_mean,W3,1.4245485074384099,-0.8101159551530289,2.775530238351817,1.361326471475938,19.78198522556456,7.448607515142913,0.6560205564359537,0.7385799223970849,-0.12827138301802968,0.8668513054151146,6.933383311961938,0.22962962962962974
vix_3m_std,W1,1.0195487305342232,-0.35828681909936844,2.7277309012923157,0.3240926271335198,2.038751967538042,2.365240490120859,0.4920484392276737,0.0,0.0,0.0,0.05464249393598575,0.0
vix_3m_std,W2,1.7047412990333544,-0.15272614515542685,2.4309722689986133,0.7267401002433432,2.2700627452310878,2.444300664129987,0.5026905783453731,0.1716872702837246,0.15046437868006127,0.021222891603663335,2.587754397729447,0.49074074074074076
vix_3m_std,W3,1.7347232782449586,-0.9046106282547418,2.574314788883323,0.7233248955721311,2.542149512530432,3.0491221867801377,0.6758672940788923,0.31340926830786203,-0.12827138301802968,0.44168065132589174,6.424271328095177,0.42685185185185187
vix_6m_std,W1,1.1190331153657962,-0.45446490971720593,2.7994748572507877,0.8450809516658638,2.8427030309088743,2.7867561453853633,0.5647626710043434,0.0,0.0,0.0,0.05464249393598575,0.0
vix_6m_std,W2,1.2149407641486334,-0.5657953495632309,2.5896320336248766,0.7471862779198897,3.1662289050836536,2.847451646330232,0.5090695195954038,0.7134073949755193,0.15046437868006127,0.5629430162954581,4.339123851870874,0.2694444444444444
vix_6m_std,W3,2.541341857456922,-0.317277866767537,1.3133026012634175,0.07571098871929972,3.536378052775759,3.425046269933304,0.49901799371349487,0.5056149589880525,-0.12827138301802968,0.6338863420060822,10.68017142994966,1.0
