epoch,train_nll_win,train_nll_step,val_nll_win,val_nll_step,z_mean,z_std,ks_p,logdet_mean,logdet_std,lr,elapsed_sec
1,187.15381475106742,1.799555911067956,-75.8881103515625,-0.7296933687650241,0.46601244807243347,0.9142730832099915,0.0,-226.2169952392578,24.130184173583984,9.999383162408304e-05,6.541193962097168
2,-74.16881092755264,-0.71316164353416,-143.08697102864582,-1.3758362598908251,-0.052900251001119614,0.8861753344535828,2.949812409685827e-108,-279.6380310058594,36.344478607177734,9.997532801828658e-05,13.366995573043823
3,-108.11167532596718,-1.0395353396727613,-165.94639756944446,-1.595638438167735,0.09215845912694931,0.8061231970787048,0.0,-295.7490539550781,24.797529220581055,9.994449374809851e-05,20.146771907806396
4,-142.03306969652914,-1.365702593235857,-180.52889539930555,-1.7358547634548611,0.542201817035675,0.8101322054862976,0.0,-325.5139465332031,19.76522445678711,9.990133642141359e-05,26.97439217567444
5,-171.11396800012244,-1.6453266153857926,-196.0761501736111,-1.8853475978231837,0.4084368348121643,0.7789943814277649,0.0,-331.8757019042969,12.386138916015625,9.98458666866564e-05,33.69137406349182
6,-188.21895564244613,-1.809797650408136,-183.77621527777777,-1.7670789930555555,0.5670019388198853,1.038280725479126,0.0,-352.1207580566406,16.927881240844727,9.9778098230154e-05,40.67622184753418
7,-194.08718474534768,-1.8662229302437277,-180.52469618055557,-1.7358143863514959,0.6532155871391296,0.9628998637199402,0.0,-346.4953918457031,16.437341690063477,9.9698047772759e-05,48.053014278411865
8,-197.83212881060234,-1.9022320077942534,-217.90450846354167,-2.0952356583032854,-0.11562935262918472,0.7515063881874084,0.0,-343.5369873046875,22.429868698120117,9.96057350657239e-05,55.77727651596069
9,-209.3389293584721,-2.0128743207545394,-194.36493598090277,-1.8688936152009883,0.5274533033370972,0.6510673761367798,0.0,-326.4435119628906,16.59174346923828,9.950118288582787e-05,63.19687509536743
10,-180.1013735958925,-1.7317439768835818,-203.12937825520834,-1.9531670986077725,0.21687719225883484,0.5622959733009338,0.0,-317.5860290527344,20.806568145751953,9.938441702975689e-05,70.63178610801697
11,-208.8391943024608,-2.0080691759852,-201.40028211805554,-1.9365411742120726,0.5847009420394897,0.8949859738349915,0.0,-356.3993835449219,21.994264602661133,9.925546630773869e-05,78.04805278778076
12,-209.03465027393486,-2.0099485603262965,-202.46122504340278,-1.9467425484942575,-0.1160941869020462,0.6677908897399902,0.0,-321.92083740234375,13.873875617980957,9.911436253643444e-05,85.4384937286377
13,-220.61180158086435,-2.1212673228929266,-224.794775390625,-2.161488224909856,0.08144818246364594,0.7188055515289307,0.0,-347.5767822265625,15.682829856872559,9.896114053108829e-05,93.02548837661743
14,-222.12573266099412,-2.135824352509559,-222.21980794270834,-2.136728922526042,-0.12830546498298645,0.6590355634689331,0.0,-341.2304992675781,18.551189422607422,9.879583809693738e-05,100.58119630813599
15,-226.54960000153037,-2.1783615384762536,-220.87286241319444,-2.1237775232037928,-0.2827073335647583,0.6487524509429932,0.0,-342.4842529296875,16.344236373901367,9.861849601988384e-05,107.71259307861328
16,-227.59170792268608,-2.1883818069489047,-214.89943033854166,-2.0663406763321315,-0.47497427463531494,0.6325132846832275,0.0,-343.00408935546875,15.941068649291992,9.842915805643157e-05,114.75237393379211
17,-229.79817102564888,-2.209597798323547,-226.7738552517361,-2.180517838959001,-0.3669409155845642,0.719880998134613,0.0,-356.2929382324219,15.668899536132812,9.822787092288992e-05,122.01945948600769
18,-231.25800283882222,-2.2236346426809828,-226.54112413194446,-2.178280039730235,-0.33182060718536377,0.7186468839645386,0.0,-354.6917724609375,16.031517028808594,9.801468428384718e-05,129.17254424095154
19,-231.9202968137855,-2.2300028539787067,-218.96133355034723,-2.105397437984108,-0.3244991898536682,0.609149694442749,0.0,-339.30181884765625,15.52590560913086,9.778965073991652e-05,136.17212319374084
20,-234.4838671109819,-2.254652568374826,-225.99888780381946,-2.1730662288828793,-0.19937320053577423,0.5833355188369751,0.0,-341.3300476074219,12.714802742004395,9.75528258147577e-05,143.26753401756287
21,-232.60671790830068,-2.2366030568105835,-242.24351671006946,-2.329264583750668,-0.27742695808410645,0.9099997878074646,4.206695445951946e-298,-384.8765563964844,16.458759307861328,9.730426794137729e-05,150.50625872612
22,-233.154147664667,-2.2418668044679517,-248.45646158854166,-2.3890044383513622,0.0236904826015234,0.7925646305084229,3.33358667992708e-173,-376.719482421875,16.50739860534668,9.70440384477113e-05,157.90333676338196
23,-239.7051508172135,-2.3048572193962835,-249.0317328559028,-2.394535892845219,0.040851108729839325,0.7268396615982056,9.17913417569718e-251,-372.1595153808594,14.58545970916748,9.67722015414934e-05,165.1115107536316
24,-244.65789513956906,-2.3524797609573946,-251.49952256944445,-2.418264640090812,-0.1316922903060913,0.7852376103401184,1.6517807947067778e-290,-380.0340270996094,16.83572769165039,9.64888242944126e-05,172.43066263198853
25,-244.2883097529995,-2.348926055317303,-253.25351019965277,-2.435129905765892,-0.15895023941993713,0.8023377656936646,3.926735377314933e-261,-383.6116638183594,12.773737907409668,9.619397662556436e-05,179.62015461921692
26,-246.32020250520324,-2.3684634856269544,-246.56087782118055,-2.3707776713575055,0.22882646322250366,0.7464959621429443,0.0,-373.83062744140625,13.060408592224121,9.588773128419907e-05,186.73348808288574
27,-247.27681386202252,-2.3776616717502166,-240.07782118055556,-2.3084405882745727,0.3874950408935547,0.8504072427749634,0.0,-381.0613708496094,13.911455154418945,9.557016383177228e-05,193.97835636138916
28,-243.0134298864471,-2.3366675950619915,-242.9220431857639,-2.335788876786191,-0.09836702793836594,0.9193515777587891,2.2010683117467585e-101,-382.9455871582031,14.311946868896484,9.524135262330099e-05,201.29161548614502
29,-247.1758577681195,-2.3766909400780722,-249.07723524305555,-2.394973415798611,-0.04370816424489021,0.7553744316101074,3.0396897999910476e-161,-374.4168701171875,14.266446113586426,9.49013787880308e-05,208.54580664634705
30,-250.86177575599902,-2.412132459192298,-242.66529405381945,-2.333320135132879,-0.10225037485361099,0.5620086193084717,0.0,-355.20294189453125,11.578274726867676,9.455032620941841e-05,215.78685593605042
31,-250.0397511630754,-2.4042283765680326,-264.60096028645836,-2.544240002754407,0.08247115463018417,0.9250747561454773,1.9683227465552296e-139,-405.0239562988281,13.50454330444336,9.418828150443471e-05,223.04737067222595
32,-253.46456254591087,-2.437159255249143,-255.017626953125,-2.452092566856971,-0.4608486592769623,0.8480276465415955,0.0,-399.02691650390625,15.799516677856445,9.381533400219321e-05,230.57211899757385
33,-254.24575802675074,-2.4446707502572185,-262.2563802083333,-2.5216959635416667,-0.21750612556934357,0.7893637418746948,7.540472524154985e-305,-392.6869812011719,14.460887908935547,9.343157572190959e-05,237.93411302566528
34,-256.32547556011264,-2.464668034231852,-260.2547200520833,-2.502449231270032,-0.2109517604112625,0.7621626257896423,0.0,-388.34478759765625,13.428491592407227,9.303710135019721e-05,244.9858100414276
35,-255.92828147955436,-2.4608488603803305,-259.9548448350694,-2.4995658157218212,0.05693665146827698,0.7443349361419678,2.9960252845397687e-200,-384.5028076171875,13.995911598205566,9.263200821770464e-05,252.05714678764343
36,-257.31290937193927,-2.4741625901148008,-251.12063259548611,-2.4146214672642894,-0.4160907566547394,0.8414828181266785,0.0,-392.5138854980469,14.344337463378906,9.221639627510079e-05,259.5751042366028
37,-254.92039246143486,-2.451157619821489,-266.0027669270833,-2.5577189127604165,-0.07248838990926743,0.7758057117462158,2.362099818163908e-149,-393.14306640625,18.540311813354492,9.179036806841354e-05,267.4057822227478
