month,date,agent_id,parent_id,alpha,beta,lam
11,2011-12-31,201,103,1.1741404324203921,2.0758595675796077,1.7679823556543377
11,2011-12-31,202,184,1.0004233556768038,2.249576644323196,2.2486246763014823
11,2011-12-31,203,74,0.8917970261136656,2.3582029738863346,2.644327021545557
11,2011-12-31,204,122,1.9880452847184011,1.2619547152815989,0.6347716146015003
11,2011-12-31,205,132,2.8953526901758724,0.3546473098241276,0.12248846609515654
11,2011-12-31,206,110,3.0,0.25,0.08333333333333333
11,2011-12-31,207,19,2.5531611950501243,0.6968388049498757,0.2729317703484034
11,2011-12-31,208,106,2.4146296581702957,0.8353703418297043,0.3459620977498937
11,2011-12-31,209,117,1.720877076737521,1.529122923262479,0.8885718474217961
11,2011-12-31,210,7,2.3285186598944354,0.9214813401055646,0.39573715082332234
11,2011-12-31,211,1,2.1254100524410378,1.1245899475589622,0.5291166973955771
11,2011-12-31,212,53,2.048398120003792,1.201601879996208,0.5866056350383605
11,2011-12-31,213,55,1.9257590811437963,1.3242409188562037,0.6876462023846079
11,2011-12-31,214,40,1.99175145316666,1.25824854683334,0.6317296994225192
11,2011-12-31,215,185,2.647804951012021,0.602195048987979,0.22743180110672928
11,2011-12-31,216,30,1.730466806094881,1.519533193905119,0.8781059472237017
11,2011-12-31,217,31,2.3072853765248222,0.9427146234751778,0.4085817181813339
11,2011-12-31,218,180,2.163421223506537,1.0865787764934631,0.5022502158559322
11,2011-12-31,219,189,2.2053695029012332,1.0446304970987668,0.47367595122927125
11,2011-12-31,220,152,3.0,0.25,0.08333333333333333
11,2011-12-31,221,25,2.551989248054023,0.6980107519459771,0.27351633729579133
11,2011-12-31,222,168,2.873910980409653,0.376089019590347,0.13086314160529028
11,2011-12-31,223,8,2.3653251357366525,0.8846748642633475,0.3740182907191852
11,2011-12-31,224,198,2.4462628288018164,0.8037371711981836,0.3285571614526209
11,2011-12-31,225,104,2.848077392642091,0.4019226073579092,0.14112067614323343
11,2011-12-31,226,56,2.4697538726917783,0.7802461273082217,0.315920600807818
11,2011-12-31,227,87,2.289460221676352,0.960539778323648,0.41954857709662974
11,2011-12-31,228,73,2.271542029817447,0.9784579701825531,0.43074614395807026
11,2011-12-31,229,48,1.0700492202965337,2.179950779703466,2.0372434635290464
11,2011-12-31,230,139,2.470990373979959,0.779009626020041,0.3152621047103922
11,2011-12-31,231,3,3.0,0.25,0.08333333333333333
11,2011-12-31,232,14,3.0,0.25,0.08333333333333333
11,2011-12-31,233,160,2.1078075976059107,1.1421924023940893,0.5418864623561533
11,2011-12-31,234,151,2.4360877830697314,0.8139122169302686,0.33410627588495684
11,2011-12-31,235,174,2.3850872170835484,0.8649127829164516,0.3626336079961281
11,2011-12-31,236,105,2.2143528817168896,1.0356471182831104,0.4676974148222146
11,2011-12-31,237,182,2.801659760246226,0.44834023975377413,0.160026654954837
11,2011-12-31,238,101,3.0,0.25,0.08333333333333333
11,2011-12-31,239,167,2.3131966422910537,0.9368033577089463,0.40498215351943034
11,2011-12-31,240,42,2.343621107138714,0.9063788928612859,0.38674292960600104
11,2011-12-31,241,46,1.8189152741946089,1.4310847258053911,0.786779211823957
11,2011-12-31,242,159,2.200435413125455,1.0495645868745451,0.4769804106105366
11,2011-12-31,243,4,1.849037756355382,1.400962243644618,0.7576709771497795
11,2011-12-31,244,116,2.44685745304421,0.8031425469557898,0.328234301494178
11,2011-12-31,245,118,1.9654648954147995,1.2845351045852005,0.6535528096084907
11,2011-12-31,246,64,2.3254680916183035,0.9245319083816965,0.39756809036167456
11,2011-12-31,247,194,2.0082413309365026,1.2417586690634974,0.6183313976933382
11,2011-12-31,248,80,1.9656065014253399,1.2843934985746601,0.6534336845361953
11,2011-12-31,249,170,3.0,0.25,0.08333333333333333
11,2011-12-31,250,24,2.3198563092538342,0.9301436907461658,0.4009488376654415
11,2011-12-31,251,83,2.1595203842952038,1.0904796157047962,0.5049637982744455
11,2011-12-31,252,191,3.0,0.25,0.08333333333333333
11,2011-12-31,253,23,3.0,0.25,0.08333333333333333
11,2011-12-31,254,162,2.4175625854808196,0.8324374145191804,0.34432920972493464
11,2011-12-31,255,45,2.428239766800394,0.8217602331996061,0.33841807733937684
11,2011-12-31,256,12,2.9010703846158075,0.34892961538419254,0.12027616332045724
11,2011-12-31,257,21,2.853350578556456,0.3966494214435441,0.13901180753057474
11,2011-12-31,258,178,2.682975677625081,0.5670243223749192,0.21134158132839964
11,2011-12-31,259,148,1.608265753014096,1.641734246985904,1.0208103007286475
11,2011-12-31,260,137,3.0,0.25,0.08333333333333333
11,2011-12-31,261,32,3.0,0.25,0.08333333333333333
11,2011-12-31,262,143,2.716175929812173,0.5338240701878272,0.1965351597180017
11,2011-12-31,263,181,2.659532460561131,0.590467539438869,0.22201930158592126
11,2011-12-31,264,179,2.289643739690019,0.9603562603099811,0.4194347983760993
11,2011-12-31,265,6,2.861509343808679,0.38849065619132084,0.1357642451987378
11,2011-12-31,266,100,2.8153023305084783,0.43469766949152167,0.15440532435214868
11,2011-12-31,267,78,2.139921382386838,1.110078617613162,0.5187473833150805
11,2011-12-31,268,2,1.2903175436724392,1.9596824563275608,1.518759832366541
11,2011-12-31,269,112,0.947960809950425,2.302039190049575,2.428411771758754
11,2011-12-31,270,90,1.9316878768801984,1.3183121231198016,0.6824664268478826
11,2011-12-31,271,88,1.5667911814918551,1.6832088185081449,1.0743032245723008
11,2011-12-31,272,171,1.1555509774050872,2.0944490225949126,1.8125111427781586
11,2011-12-31,273,124,1.4094169602425368,1.8405830397574632,1.305918043898613
11,2011-12-31,274,200,1.103415418402685,2.146584581597315,1.945400205395654
11,2011-12-31,275,52,0.25,3.0,12.0
11,2011-12-31,276,37,0.7022324181745394,2.5477675818254606,3.6280973590601375
11,2011-12-31,277,5,0.4798017271669894,2.7701982728330106,5.773631306393517
11,2011-12-31,278,123,1.1101723758138735,2.1398276241861263,1.9274733102752686
11,2011-12-31,279,136,0.7847171160742409,2.465282883925759,3.141619869665902
11,2011-12-31,280,140,0.5932614655536563,2.656738534446344,4.478191638432078
11,2011-12-31,281,84,0.48025836683775547,2.7697416331622446,5.7671907964863
11,2011-12-31,282,129,0.25,3.0,12.0
11,2011-12-31,283,131,1.0764735494030964,2.1735264505969036,2.019117378036945
11,2011-12-31,284,175,0.7814962658946915,2.4685037341053087,3.1586890965873735
11,2011-12-31,285,125,0.5084819991376875,2.7415180008623126,5.391573360534952
11,2011-12-31,286,9,0.25,3.0,12.0
11,2011-12-31,287,85,0.5906897455855705,2.6593102544144296,4.502042356902889
11,2011-12-31,288,60,0.7012838036882358,2.548716196311764,3.6343577064055888
11,2011-12-31,289,28,0.25,3.0,12.0
11,2011-12-31,290,69,0.25,3.0,12.0
11,2011-12-31,291,155,0.6276984494294255,2.6223015505705742,4.1776454170855954
11,2011-12-31,292,157,1.0391329450641462,2.2108670549358536,2.1276075072370797
11,2011-12-31,293,35,1.4536271252674053,1.7963728747325947,1.235786566931419
11,2011-12-31,294,177,1.415470434588566,1.834529565411434,1.2960564350781905
11,2011-12-31,295,109,0.4394819324600574,2.8105180675399426,6.3950707866594225
11,2011-12-31,296,119,1.4840246130122756,1.7659753869877244,1.18999063189602
11,2011-12-31,297,188,0.9512309290671142,2.298769070932886,2.416625659120779
11,2011-12-31,298,99,0.25,3.0,12.0
11,2011-12-31,299,98,0.4199821987663725,2.8300178012336277,6.738423222570699
11,2011-12-31,300,-1,2.008798995902053,1.241201004097947,0.6178821308801903
11,2011-12-31,301,-1,0.9827741231273267,2.2672258768726734,2.306965378431047
23,2012-12-31,302,216,1.618892431698494,1.631107568301506,1.007545366426969
47,2014-12-31,303,216,1.203450271351306,2.046549728648694,1.7005685879738972
47,2014-12-31,304,214,2.0901500982808927,1.1598499017191073,0.5549122537530012
59,2015-12-31,305,243,2.3672428206046376,0.8827571793953624,0.37290520926361487
59,2015-12-31,306,224,1.9861044073269751,1.2638955926730249,0.6363691596526164
59,2015-12-31,307,214,2.2508998572761163,0.9991001427238837,0.4438669892373292
59,2015-12-31,308,204,1.889487717781533,1.360512282218467,0.7200429351379212
59,2015-12-31,309,245,1.9470675916661453,1.3029324083338547,0.6691767732721128
59,2015-12-31,310,266,2.4994327772972937,0.7505672227027063,0.30029502274284625
59,2015-12-31,311,223,2.2649882840298896,0.9850117159701104,0.4348860093075483
59,2015-12-31,312,241,2.208928652604296,1.0410713473957038,0.4713014819054002
59,2015-12-31,313,209,1.895673649333833,1.354326350666167,0.7144301188878669
59,2015-12-31,314,248,2.485299983048323,0.7647000169516769,0.30768922148936756
59,2015-12-31,315,300,2.362022562595361,0.887977437404639,0.37593943913429023
59,2015-12-31,316,270,2.063413880559071,1.1865861194409288,0.5750596768882013
59,2015-12-31,317,230,2.9941707318302964,0.25582926816970364,0.08544244503162271
59,2015-12-31,318,256,3.0,0.25,0.08333333333333333
59,2015-12-31,319,250,2.568252762292952,0.6817472377070479,0.26545176850053487
59,2015-12-31,320,257,2.7643792924960433,0.4856207075039567,0.17567079482261452
59,2015-12-31,321,238,3.0,0.25,0.08333333333333333
59,2015-12-31,322,249,2.790772853009917,0.45922714699008305,0.16455196147360948
59,2015-12-31,323,246,2.622343271996759,0.6276567280032408,0.23934956750544611
59,2015-12-31,324,218,1.8099301365720772,1.4400698634279228,0.7956494200131655
59,2015-12-31,325,237,3.0,0.25,0.08333333333333333
59,2015-12-31,326,208,2.357434340918748,0.8925656590812521,0.37861739925846594
59,2015-12-31,327,258,3.0,0.25,0.08333333333333333
59,2015-12-31,328,216,1.9557275027142589,1.2942724972857411,0.6617857014791086
59,2015-12-31,329,262,3.0,0.25,0.08333333333333333
59,2015-12-31,330,239,2.532429049632647,0.7175709503673531,0.28335283488848134
59,2015-12-31,331,261,2.528387923304028,0.7216120766959722,0.28540401970951884
59,2015-12-31,332,260,2.97991404813054,0.27008595186946005,0.09063548394588745
59,2015-12-31,333,228,1.9199398720390022,1.3300601279609978,0.6927613449417329
59,2015-12-31,334,215,2.4923209983021386,0.7576790016978614,0.30400538382255754
59,2015-12-31,335,231,3.0,0.25,0.08333333333333333
59,2015-12-31,336,207,2.744421338319433,0.5055786616805671,0.18422049654742956
59,2015-12-31,337,253,2.7903208714263763,0.4596791285736237,0.16474059785770861
59,2015-12-31,338,220,2.6958847900678804,0.5541152099321196,0.20554113142133473
59,2015-12-31,339,227,2.2992948495392302,0.9507051504607698,0.4134768321041068
59,2015-12-31,340,225,2.4831093478277526,0.7668906521722474,0.3088428839604388
59,2015-12-31,341,255,2.2268976835814196,1.0231023164185804,0.45942942235817985
59,2015-12-31,342,232,3.0,0.25,0.08333333333333333
59,2015-12-31,343,222,3.0,0.25,0.08333333333333333
59,2015-12-31,344,247,2.1908697726038344,1.0591302273961656,0.48342911141514183
59,2015-12-31,345,244,1.7594706004647802,1.4905293995352198,0.8471465218807764
59,2015-12-31,346,252,3.0,0.25,0.08333333333333333
59,2015-12-31,347,217,2.3288954484945954,0.9211045515054046,0.3955113365440296
59,2015-12-31,348,221,2.6761563336658307,0.5738436663341693,0.2144283049219742
59,2015-12-31,349,240,2.8284840116340764,0.42151598836592363,0.14902540959473365
71,2016-12-31,350,266,2.1963308474670553,1.0536691525329447,0.479740633679166
71,2016-12-31,351,224,2.268931801244485,0.9810681987555152,0.43239210549096707
71,2016-12-31,352,223,2.5425970325746587,0.7074029674253413,0.2782206375459418
71,2016-12-31,353,230,1.9965120541437764,1.2534879458562236,0.6278389069851091
71,2016-12-31,354,256,3.0,0.25,0.08333333333333333
71,2016-12-31,355,249,3.0,0.25,0.08333333333333333
71,2016-12-31,356,250,2.573831505006855,0.6761684949931448,0.2627089200197446
71,2016-12-31,357,238,2.8287169015434617,0.42128309845653833,0.1489308096637982
71,2016-12-31,358,218,2.4075503304964,0.8424496695035999,0.34991985788720753
71,2016-12-31,359,300,2.3293404626987644,0.9206595373012356,0.39524472787226783
71,2016-12-31,360,237,2.8715231662873766,0.3784768337126234,0.13180351047000613
71,2016-12-31,361,257,2.923670846366065,0.3263291536339352,0.11161624231385055
71,2016-12-31,362,258,2.7640786494095986,0.4859213505904014,0.17579867009001107
71,2016-12-31,363,245,1.7064613159929851,1.5435386840070149,0.9045260326389726
71,2016-12-31,364,262,2.671917325740067,0.578082674259933,0.21635500046761955
83,2017-12-31,365,224,2.400506069066109,0.8494939309338911,0.3538811844222404
83,2017-12-31,366,266,2.9303204898145268,0.31967951018547325,0.10909370196763263
83,2017-12-31,367,223,2.6652724098097407,0.5847275901902593,0.2193875522960146
83,2017-12-31,368,230,2.1534295493864364,1.0965704506135636,0.5092204901367694
83,2017-12-31,369,245,1.9279621863189262,1.3220378136810738,0.6857177091243948
83,2017-12-31,370,204,2.432481949016093,0.8175180509839071,0.3360839126944323
83,2017-12-31,371,250,2.096779840610065,1.1532201593899352,0.5499958255294948
83,2017-12-31,372,300,1.7621239907149568,1.4878760092850432,0.8443651054778265
83,2017-12-31,373,248,2.026298358974698,1.2237016410253019,0.6039099008324182
83,2017-12-31,374,249,3.0,0.25,0.08333333333333333
83,2017-12-31,375,214,1.9951792698348578,1.2548207301651422,0.6289263070926977
83,2017-12-31,376,218,2.5621094006376337,0.6878905993623663,0.26848603700964935
83,2017-12-31,377,246,2.5825062863882615,0.6674937136117385,0.2584674109526584
83,2017-12-31,378,241,2.0714612942616273,1.1785387057383727,0.568940732324165
83,2017-12-31,379,237,2.9678947106434537,0.28210528935654633,0.09505232390652583
83,2017-12-31,380,258,3.0,0.25,0.08333333333333333
95,2018-12-31,381,300,1.9472504892422398,1.3027495107577602,0.6690199940659494
95,2018-12-31,382,245,1.3644082077948454,1.8855917922051546,1.3819850843998112
95,2018-12-31,383,223,2.8466014441917946,0.4033985558082054,0.14171234144186212
95,2018-12-31,384,208,2.277319828883248,0.9726801711167519,0.4271161910506592
95,2018-12-31,385,266,2.847666463811388,0.4023335361886118,0.1412853440884079
95,2018-12-31,386,230,2.863855579438117,0.3861444205618829,0.13483376163739502
95,2018-12-31,387,246,1.844790229300626,1.405209770699374,0.7617179169645211
95,2018-12-31,388,250,1.9443621450219923,1.3056378549780077,0.6714993183346716
95,2018-12-31,389,224,1.9658794476661603,1.2841205523338397,0.6532041188274863
95,2018-12-31,390,238,2.761759112992373,0.48824088700762713,0.17678619569344586
95,2018-12-31,391,248,2.097497483230438,1.152502516769562,0.5494655063874249
107,2019-12-31,392,266,2.9725586833523097,0.27744131664769034,0.09333417644586424
119,2020-12-31,393,238,3.0,0.25,0.08333333333333333
119,2020-12-31,394,266,2.3914725653407682,0.8585274346592318,0.3589953098779946
119,2020-12-31,395,249,2.3069689690102066,0.9430310309897934,0.4087749092673735
119,2020-12-31,396,300,2.0251050715191674,1.2248949284808326,0.6048550002207819
119,2020-12-31,397,261,2.8584671899084992,0.39153281009150076,0.13697299429350243
119,2020-12-31,398,256,3.0,0.25,0.08333333333333333
119,2020-12-31,399,237,3.0,0.25,0.08333333333333333
119,2020-12-31,400,222,2.9153834100272578,0.33461658997274224,0.11477618649466545
119,2020-12-31,401,230,2.699030299592715,0.5509697004072849,0.20413616715989683
119,2020-12-31,402,260,3.0,0.25,0.08333333333333333
119,2020-12-31,403,258,2.841995089305521,0.408004910694479,0.14356284858823606
119,2020-12-31,404,223,2.153923156875688,1.0960768431243122,0.508874627038318
119,2020-12-31,405,231,2.9461165758505623,0.3038834241494377,0.10314711462553197
119,2020-12-31,406,215,2.706837780009108,0.5431622199908919,0.2006630112828794
119,2020-12-31,407,245,2.211623438040025,1.038376561959975,0.4695087527559395
119,2020-12-31,408,262,2.598053578144801,0.6519464218551989,0.25093648080989
119,2020-12-31,409,250,2.476206485973468,0.773793514026532,0.3124915141001787
119,2020-12-31,410,225,2.768325755067477,0.4816742449325231,0.1739947851335084
