date,sp_return,m2_growth,cpi_inflation,m2_growth_lagged
2000-07-31,-0.0148716956118211,0.0049288980242458,0.0105324751316557,0.0214671351443995
2000-10-31,-0.0009993721717763,0.0166969298520234,0.0069484655471918,0.0049288980242458
2001-01-31,-0.044347288068938,0.0219653891158417,0.0097757331799883,0.0166969298520234
2001-04-30,-0.0853215188724145,0.0323001827933231,0.0045558086560364,0.0219653891158417
2001-07-31,-0.030597203322998,0.0137961899943568,0.0056689342403628,0.0323001827933231
2001-10-31,-0.1250381460284391,0.0256813819577734,0.0011273957158961,0.0137961899943568
2002-01-31,0.0664476777522604,0.0219132452561845,0.000563063063063,0.0256813819577734
2002-04-30,-0.047142018694407,0.0075445439396437,0.0090039392234104,0.0219132452561845
2002-07-31,-0.1534933347721394,0.0170662110830408,0.0039040713887339,0.0075445439396437
2002-10-31,-0.0283670668590789,0.0198534667619729,0.0066666666666665,0.0170662110830408
2003-01-31,-0.0339369549620418,0.0183981356555869,0.0077262693156732,0.0198534667619729
2003-04-30,0.0715437300803885,0.0160699230914815,0.0032858707557501,0.0183981356555869
2003-07-31,0.0800397155872962,0.0243163152992973,0.0027292576419213,0.0160699230914815
2003-10-31,0.0609909659882359,0.0034550594303284,0.0065323897659228,0.0243163152992973
2004-01-31,0.0765387661058789,0.0019934102141681,0.0075716603569497,0.0034550594303284
2004-04-30,-0.0210673892053251,0.0192038933920848,0.0059044551798175,0.0019934102141681
2004-07-31,-0.0050393550789648,0.014873606607624,0.0090715048025613,0.0192038933920848
2004-10-31,0.0258504712867952,0.0140992831142408,0.0089899524061343,0.014873606607624
2005-01-31,0.045186755057299,0.0079939810025393,0.0041928721174002,0.0140992831142408
2005-04-30,-0.020672702719572,0.0048205510978416,0.0109603340292274,0.0079939810025393
2005-07-31,0.0668453816458203,0.0126435358568819,0.0061951471347445,0.0048205510978416
2005-10-31,-0.0220146516414825,0.0153434706196988,0.0215495125705489,0.0126435358568819
2006-01-31,0.0605379787225219,0.0129743072592904,0.0010045203415369,0.0153434706196988
2006-04-30,0.0238500955760381,0.0114114203355075,0.007024586051179,0.0129743072592904
2006-07-31,-0.0259039314146292,0.0127370756144502,0.01096163428002,0.0114114203355075
2006-10-31,0.0793319321628482,0.0156812115585469,-0.0049285362247412,0.0127370756144502
2007-01-31,0.0437610138266157,0.0166530985332133,0.0076126795443289,0.0156812115585469
2007-04-30,0.0306833387907821,0.0171951168115982,0.0121266043050181,0.0166530985332133
2007-07-31,-0.0182815192395978,0.0107724391288135,0.0082514181366073,0.0171951168115982
2007-10-31,0.0646684011135443,0.0149480098924672,0.0076443982023379,0.0107724391288135
2008-01-31,-0.1102569773175872,0.0120353791682932,0.0142645441942732,0.0149480098924672
2008-04-30,0.0051067547371037,0.0259394745593615,0.0083327834701707,0.0120353791682932
2008-07-31,-0.0853138113392124,0.0102042139384117,0.0237167082667264,0.0259394745593615
2008-10-31,-0.2356278335876264,0.023577882739501,-0.0092276363370712,0.0102042139384117
2009-01-31,-0.1474787046370967,0.0393860738065681,-0.0233277264453098,0.023577882739501
2009-04-30,0.0568242267621437,0.0123175292556401,0.0036615345415769,0.0393860738065681
2009-07-31,0.1313802353672721,0.0086281893911406,0.0094824384487726,0.0123175292556401
2009-10-31,0.0493275427359831,0.0028829680392272,0.0083036055251808,0.0086281893911406
2010-01-31,0.0363640411909427,-0.0012017106704836,0.0045217519825966,0.0028829680392272
2010-04-30,0.1050592220678918,0.0090944477865457,-0.0003908261605238,-0.0012017106704836
2010-07-31,-0.0717036210144995,0.0099008743629307,0.0009291500117294,0.0090944477865457
2010-10-31,0.0741285729751879,0.0149198448984315,0.0065715401760069,0.0099008743629307
2011-01-31,0.0869293177346004,0.0091920989005975,0.0098249138265573,0.0149198448984315
2011-04-30,0.0602509801018329,0.0210306249293705,0.0131382043248471,0.0091920989005975
2011-07-31,-0.052309646321853,0.0342110214607476,0.0058100877760574,0.0210306249293705
2011-10-31,-0.0301637258063632,0.0257057854069904,0.0060116684043567,0.0342110214607476
2012-01-31,0.0471634748652824,0.0180710320938191,0.0048158765159869,0.0257057854069904
2012-04-30,0.0651473226912968,0.0153828810363203,0.0059032136304983,0.0180710320938191
2012-07-31,-0.0132984866236645,0.0168353906557525,-0.0026048597869862,0.0153828810363203
2012-10-31,0.0238088979855459,0.0216288649560771,0.0133339166192747,0.0168353906557525
2013-01-31,0.0608641719717004,0.0209572111460885,0.0001770003194638,0.0216288649560771
2013-04-30,0.0663902930425763,0.0098209952322492,0.0005093254028203,0.0209572111460885
2013-07-31,0.0551838336621637,0.0123924495584895,0.004758474009586,0.0098209952322492
2013-10-31,0.0420055758716826,0.0226663439699146,0.0033018462859597,0.0123924495584895
2014-01-31,0.0148302493416068,0.0131527447821377,0.0069286041366205,0.0226663439699146
2014-04-30,0.0568610770255955,0.0131976138282963,0.00501513039339,0.0131527447821377
2014-07-31,0.0247990095195342,0.015543949564184,0.004355769068119,0.0131976138282963
2014-10-31,0.0452589012590944,0.0122326028114905,-0.0002863182005742,0.015543949564184
2015-01-31,-0.0114269012342587,0.0182953653466286,-0.0113001726824748,0.0122326028114905
2015-04-30,0.045373671033114,0.012655439975604,0.0062833603837322,0.0182953653466286
2015-07-31,0.0087892544457555,0.0094022384688738,0.0076707503958139,0.012655439975604
2015-10-31,-0.011635856075589,0.0131101350791416,-0.0012645252358906,0.0094022384688738
2016-01-31,-0.0669052545015832,0.0239914275431076,-0.0003407183689265,0.0131101350791416
2016-04-30,0.0644559741182548,0.0179494348364421,0.0056384966253177,0.0239914275431076
2016-07-31,0.052437924886302,0.0132384330466444,0.0046403226886255,0.0179494348364421
2016-10-31,-0.021830232416563,0.0163337696233707,0.0068304588485679,0.0132384330466444
2017-01-31,0.0718294672804582,0.0146996067912337,0.0077645082960688,0.0163337696233707
2017-04-30,0.0462202006116827,0.0154704596829307,0.0023602525264965,0.0146996067912337
2017-07-31,0.0361127839189536,0.0089781610300478,0.0002047560740887,0.0154704596829307
2017-10-31,0.0424887498938808,0.0115076485549472,0.0097566767522507,0.0089781610300478
2018-01-31,0.0965145452830393,0.0072608169506016,0.0090541954214073,0.0115076485549472
2018-04-30,-0.0622421501866712,0.0097551851398891,0.0054970887128855,0.0072608169506016
2018-07-31,0.0635335386915472,0.0098818030906462,0.003944418468031,0.0097551851398891
2018-10-31,-0.0371233244367572,0.0057849956965276,0.0062018836529811,0.0098818030906462
2019-01-31,-0.0028173396437851,0.014246033416102,-0.0008347443545961,0.0057849956965276
2019-04-30,0.0893938729110903,0.009336293284093,0.0105796223486602,0.014246033416102
2019-07-31,0.0117283766446878,0.0200141147128751,0.0022293355483029,0.009336293284093
2019-10-31,0.0191855327272207,0.0199707123088912,0.0052892471520942,0.0200141147128751
2020-01-31,0.0618785990439039,0.0160035826950559,0.0076685267640139,0.0199707123088912
2020-04-30,-0.0970665461676858,0.1061897569860828,-0.0119439502637703,0.0160035826950559
2020-07-31,0.1231583914346114,0.0744258817600629,0.0090613673290838,0.1061897569860828
2020-10-31,-0.0003546663553882,0.0230264951950869,0.0076136434012512,0.0744258817600629
2021-01-31,0.135867115990466,0.0331279054889752,0.0090965315631974,0.0230264951950869
2021-04-30,0.1257134522454916,0.0411734351617731,0.0149493503675475,0.0331279054889752
2021-07-31,0.0512033348919704,0.0226199267479145,0.0198376679394181,0.0411734351617731
2021-10-31,0.0478060748151527,0.0255557763421265,0.0170906536522215,0.0226199267479145
2022-01-31,-0.0195054654362499,0.0231326143871157,0.0216705839811968,0.0255557763421265
2022-04-30,-0.0849552425505355,0.0055103671576575,0.0212994128327368,0.0231326143871157
2022-07-31,-0.000396942022003,-0.0053515485038632,0.022012676695742,0.0055103671576575
2022-10-31,-0.0625404163268837,-0.0088302259743499,0.0104912296168699,-0.0053515485038632
2023-01-31,0.0528463778789289,-0.0084709039824431,0.0080971252353132,-0.0088302259743499
2023-04-30,0.022783663000425,-0.0243657160043044,0.0080720324878504,-0.0084709039824431
2023-07-31,0.1006072657582566,0.0014449892589132,0.005824761841866,-0.0243657160043044
2023-10-31,-0.0861110490424219,-0.0028136633415739,0.0101343033199938,0.0014449892589132
2024-01-31,0.1554318584610698,0.0053441631416732,0.0065064219229367,-0.0028136633415739
2024-04-30,0.0392186895240989,0.0055220522268117,0.0107362656523453,0.0053441631416732
2024-07-31,0.0966322130518944,0.0064698360593165,0.0017442807717005,0.0055220522268117
2024-10-31,0.0331656007646554,0.0112162469660193,0.0065759051436844,0.0064698360593165
2025-01-31,0.0587297370712385,0.0101542356195207,0.0105502944894513,0.0112162469660193
2025-04-30,-0.0780510556741348,0.0105765839351019,0.0042042757578513,0.0101542356195207
2025-07-31,0.1383231766258805,0.0112236228789235,0.0058288740001621,0.0105765839351019
2025-11-30,0.0804020096631989,0.0125613649471614,0.0089828630315145,0.0112236228789235
2026-02-28,0.0043494887265471,0.0166304128450653,0.00737395520253,0.0125613649471614
