date,sp_quarterly_return,tbill_quarterly_return,vix_quarterly_avg,top1_quarterly_growth,next9_quarterly_growth,mid_quarterly_growth,sp_1q_lag,sp_2q_lag,top1_1q_lag,next9_1q_lag,mid_1q_lag,m2_quarterly_growth,sent_m1,sent_m2,sent_m3
1990-07-01,-0.2508278109844517,0.01935,6.819426871984234,0.02039878431232145,0.011051679933720804,0.015918807478529917,0.0335512440906347,0.004812533838411737,0.02039878431232145,0.011051679933720804,0.015918807478529917,0.017110087430666443,0.05558794659251968,0.034517335919513094,-0.19035871903742513
1990-10-01,0.043409630090573526,0.017825,18.74860185165834,-0.024923722058082243,-0.012876530196091807,0.009168071591049154,-0.2508278109844517,-0.2256921520048759,-0.024923722058082243,-0.012876530196091807,0.009168071591049154,0.0069322488215177724,-0.25754227687915165,-0.22105909932044246,-0.21425251464049022
1991-01-01,0.29357033626701456,0.01615,12.199886737863503,0.037096912129299664,0.017006709065205294,0.01436546813606987,0.043409630090573526,-0.21830652338514156,0.037096912129299664,0.017006709065205294,0.01436546813606987,0.009974909736246262,-0.24125317123628431,-0.302165346280221,-0.29410250751035555
1991-04-01,-0.019881843200389437,0.0144,14.637606913616644,0.03769473018376779,0.01823046091254965,0.017480294217486536,0.29357033626701456,0.3497237460605045,0.03769473018376779,0.01823046091254965,0.017480294217486536,0.010391420261754547,-0.19736931521085002,-0.12739275147517523,-0.13629361722738512
1991-07-01,0.07487621863884608,0.01395,10.938385327570781,0.000841470697228619,-0.0009967422764476375,0.009713848179089712,-0.019881843200389437,0.26785177367267865,0.000841470697228619,-0.0009967422764476375,0.009713848179089712,0.007406074780366589,-0.016189887033154566,-0.026111212855715667,-0.01938913267616543
1991-10-01,0.05428507204983912,0.01275,9.854096861876824,0.015714293014039926,0.007596329284923264,0.017893401393976438,0.07487621863884608,0.05350569820004103,0.015714293014039926,0.007596329284923264,0.017893401393976438,0.004553842490624405,-0.031210118035475413,-0.039702331121530265,-0.11913506612181664
1992-01-01,0.0724438998103134,0.009649999999999999,13.019313780821884,0.04513338513739429,0.022846603907000773,0.018163192877026058,0.05428507204983912,0.13322595161231443,0.04513338513739429,0.022846603907000773,0.018163192877026058,0.0062516666172853785,-0.11412559089160734,-0.012312342765771093,0.07463333112637288
1992-04-01,-0.07422678126514315,0.010025,11.16205671039401,-0.0035351618546871633,-0.004386506614014518,0.006262046261724663,0.0724438998103134,0.13066159418092682,-0.0035351618546871633,-0.004386506614014518,0.006262046261724663,0.0005005594487959009,0.0964872726509648,0.03067571697756648,0.0032397257492712307
1992-07-01,0.022961087013531056,0.008875,10.96494545210647,-0.006506631390906015,0.006268056162840097,0.010739064928653619,-0.07422678126514315,-0.00716015896004385,-0.006506631390906015,0.006268056162840097,0.010739064928653619,0.0034788761461126416,0.03945790176900724,-0.02035011015686905,0.03488665163299189
1992-10-01,0.14566373081379935,0.0065249999999999996,8.25027024793714,0.008803078319027824,0.013859686767618173,0.017947173666703398,0.022961087013531056,-0.052970021834975345,0.008803078319027824,0.013859686767618173,0.017947173666703398,0.011869436201780381,-0.04535123012028634,-0.059303821094574466,0.040707405229719974
1993-01-01,0.037102449711963637,0.0077,8.472027984012943,0.04906878550320726,0.022639940118696078,0.0151437290154941,0.14566373081379935,0.17196941542526156,0.04906878550320726,0.022639940118696078,0.0151437290154941,-0.010886921178690612,0.2063002562330615,0.22156969289625844,0.21882499488336699
1993-04-01,0.018062035986136316,0.0072499999999999995,11.264800038409605,0.033808178821240986,0.014524373806517499,0.005651978934716251,0.037102449711963637,0.1881706617731389,0.033808178821240986,0.014524373806517499,0.005651978934716251,0.007575535132278377,0.23770084256126034,0.1588676817715168,0.0937949420223313
1993-07-01,0.0839939589975065,0.007475000000000001,7.902279799312388,0.01786997464117146,0.006453259844145576,0.011646849962570593,0.018062035986136316,0.05583463147997114,0.01786997464117146,0.006453259844145576,0.011646849962570593,0.006323765117295599,0.11507638171315193,0.10593642078099712,0.12848816427492327
1993-10-01,0.022296894475956286,0.0073,6.868125394688154,0.029303397579334867,0.010529063990763587,0.014907721267077179,0.0839939589975065,0.10357309689367389,0.029303397579334867,0.010529063990763587,0.014907721267077179,0.009469477586007358,0.21256674627463024,0.24042839340625272,0.32584612965583803
1994-01-01,-0.029119451200492974,0.007574999999999999,8.96310644870446,0.036209620528736775,0.012363296266201473,0.011718599261233864,0.022296894475956286,0.10816365791384808,0.036209620528736775,0.012363296266201473,0.011718599261233864,-0.005335781290341068,0.3653825194604935,0.3804931111874119,0.24115260424358503
1994-04-01,-0.04289812943994542,0.009125,10.3718385019808,0.013104781889787809,0.0026550659915303143,0.006716843814556173,-0.029119451200492974,-0.00747183005515184,0.013104781889787809,0.0026550659915303143,0.006716843814556173,0.004729905113488808,0.19488766212617198,0.15613555957873662,0.14779543636306638
1994-07-01,0.06587873932895993,0.0105,12.306518272826628,0.016596691415982523,0.0017691667145647294,0.008524073486439354,-0.04289812943994542,-0.0707684106536195,0.016596691415982523,0.0017691667145647294,0.008524073486439354,0.002784395900909953,0.12003285338481268,0.17020039188285027,0.25800779606065444
1994-10-01,-0.022489437047663707,0.011825,6.381194155777256,0.023136154828057975,0.007156541361186486,0.01280296147669091,0.06587873932895993,0.020154535201940327,0.023136154828057975,0.007156541361186486,0.01280296147669091,0.001316768763954812,0.20084232638279598,0.18319644130045368,0.1907949263850848
1995-01-01,0.04158007819916065,0.013825,10.097119535526096,0.02452637866935703,0.0010863206060738317,0.0028747252999528072,-0.022489437047663707,0.04190772652037822,0.02452637866935703,0.0010863206060738317,0.0028747252999528072,-0.005031446540880502,0.25668656008858837,0.17699643440784946,0.09736451905752931
1995-04-01,0.08766352276811307,0.01425,6.937419867363065,0.032345458851640085,0.016066909932251905,0.013611564371864393,0.04158007819916065,0.01815552860040004,0.032345458851640085,0.016066909932251905,0.013611564371864393,0.008159981611309153,-0.0016428681030388802,0.06671333811245858,0.03578770812600851
1995-07-01,0.0943130118093547,0.01365,6.132384259831064,0.035217309307383315,0.008046761211274012,0.019692222761839906,0.08766352276811307,0.13288865709918585,0.035217309307383315,0.008046761211274012,0.019692222761839906,0.02399680802553572,-0.035843339189887045,0.04011267005285669,0.12455503522388396
1995-10-01,0.018010168986243746,0.01315,8.716629102518262,0.040147903344814884,0.0044996929347587145,0.0035226037758251394,0.0943130118093547,0.19024434543554647,0.040147903344814884,0.0044996929347587145,0.0035226037758251394,0.009045365989423848,0.21425241579612095,0.22493612189446727,0.15766112854083378
1996-01-01,0.04683985104848931,0.012424999999999999,10.33195188594949,0.029362389031877045,0.02876180271172868,0.019658970945789278,0.018010168986243746,0.11402177407588643,0.029362389031877045,0.02876180271172868,0.019658970945789278,0.006012963729140841,0.08016596923792554,0.027054780872628813,0.06202117732629694
1996-04-01,0.04788825124408702,0.012575000000000001,10.206052594871108,0.01254441571233178,0.02184263214012705,0.0207429479348038,0.04683985104848931,0.06569361366740689,0.01254441571233178,0.02184263214012705,0.0207429479348038,0.013845858580319614,0.10518447958653973,0.12102546021342278,0.12488641565845858
1996-07-01,-0.0006346346395701419,0.0127,9.713701937162822,0.014505696733511986,0.015988664103648853,0.016841126464341105,0.04788825124408702,0.09697118084782197,0.014505696733511986,0.015988664103648853,0.016841126464341105,0.014603277624533506,0.07420971446360151,0.10220268693181776,0.1622905863388892
1996-10-01,0.04682574559658481,0.012424999999999999,14.157041810884355,0.00234016009270821,0.012243448234751986,0.012659243386106578,-0.0006346346395701419,0.04722322506144905,0.00234016009270821,0.012243448234751986,0.012659243386106578,0.011701050162588489,0.21304663717746736,0.24520435448615782,0.2606147949894269
1997-01-01,-0.0552935346596416,0.012624999999999999,8.018180981676995,0.026638267237032,0.027909801743789098,0.015889056606867458,0.04682574559658481,0.046161393716835475,0.026638267237032,0.027909801743789098,0.015889056606867458,0.012408778354453753,0.32211016262731246,0.3498405112374213,0.31389148799436434
1997-04-01,0.15708196503413885,0.01295,8.908320235976053,-0.001875505274142708,0.012397323409206296,0.00925896729603104,-0.0552935346596416,-0.01105695005016516,-0.001875505274142708,0.012397323409206296,0.00925896729603104,0.0074685125429374555,0.2371890790039493,0.22436611702044804,0.22665630040630216
1997-07-01,0.1449403661093116,0.0126,11.064996545978342,0.05461760453044806,0.04664604613628254,0.031571917748989486,0.15708196503413885,0.09310281329647752,0.05461760453044806,0.04664604613628254,0.031571917748989486,0.02154203796977927,0.31270432074864707,0.39185696167330586,0.4040724087146021
1997-10-01,-0.03701912220574399,0.012424999999999999,8.02861861555932,0.034833212795919,0.0322751865418629,0.023699044008698822,0.1449403661093116,0.32478984866466853,0.034833212795919,0.0322751865418629,0.023699044008698822,0.015246908897822875,0.2757302309075991,0.21281341679634586,0.17497401436169943
1998-01-01,0.09990390544983407,0.01295,19.997930282577876,0.020305603483199652,0.02045360542745156,0.010506516184976444,-0.03701912220574399,0.10255567877802174,0.020305603483199652,0.02045360542745156,0.010506516184976444,0.015665471209404203,0.27002037388663136,0.12271100583095704,0.1720848275082452
1998-04-01,-0.048452147753636265,0.012475,12.229001555823306,0.05857493386239088,0.05121913227237518,0.035038549968395616,0.09990390544983407,0.05918642835941168,0.05857493386239088,0.05121913227237518,0.035038549968395616,0.01679703783624742,0.1568360042668158,0.19208221932252248,0.11400592567459229
1998-07-01,-0.2050766639115289,0.0124,13.872215337617085,0.021000139375107585,0.02181033705269808,0.018422031410664674,-0.048452147753636265,0.04661119890817722,0.021000139375107585,0.02181033705269808,0.018422031410664674,0.0199826238053864,0.016385977629882593,-0.0069161036653601895,0.020217153675583823
1998-10-01,0.16053795677850058,0.010324999999999999,26.795487257878538,-0.04209738751004244,-0.01921758249852623,-0.0014838132098227153,-0.2050766639115289,-0.243592406844501,-0.04209738751004244,-0.01921758249852623,-0.0014838132098227153,0.030617073632406067,-0.14235686113437016,-0.1261479007380624,0.023523798709114394
1999-01-01,-0.05765946313622439,0.01095,21.679448629858054,0.0811042244075717,0.06741906934194342,0.03401458367482779,0.16053795677850058,-0.07746129574033644,0.0811042244075717,0.06741906934194342,0.03401458367482779,0.01644056104851699,0.04344439650735547,0.16650833574033552,0.22719030774065427
1999-04-01,0.15101975971523163,0.0108,16.204729255172914,-0.00037761612568176783,0.009568850170073695,0.012024773799410138,-0.05765946313622439,0.09362196124144151,-0.00037761612568176783,0.009568850170073695,0.012024773799410138,0.00963060089523915,0.15645516759926273,0.14832556570569674,0.16676457178208134
1999-07-01,-0.06637826728059226,0.011375,14.529320547747895,0.035883495936378296,0.03357618560298814,0.021983221629955363,0.15101975971523163,0.08465257831086537,0.035883495936378296,0.03357618560298814,0.021983221629955363,0.019816390506045778,0.1585126702984174,0.19894677905305738,0.1372331283505886
1999-10-01,0.1812544217636547,0.011850000000000001,13.317771886119525,-0.013826312113874528,-0.0024335040583831624,0.005943940938507142,-0.06637826728059226,0.07461706245961097,-0.013826312113874528,-0.0024335040583831624,0.005943940938507142,0.013942254912723717,0.14395049711068472,0.0881234223563825,0.20436959316333134
2000-01-01,0.06803373324510886,0.013175,12.536954340651851,0.08829091664262956,0.07129405279685641,0.037527562562226,0.1812544217636547,0.1028448000294453,0.08829091664262956,0.07129405279685641,0.037527562562226,0.012711130359462919,0.21911867635865365,0.29765785701813235,0.2474324831674839
2000-04-01,-0.04054989945599474,0.014225000000000002,28.430377793122346,0.021688468571601005,0.02599746903105271,0.03067408400068472,0.06803373324510886,0.2616195699885284,0.021688468571601005,0.02599746903105271,0.03067408400068472,0.013813158851326834,0.2247258871793747,0.18336813934147358,0.2054475204598519
2000-07-01,0.00800420471505836,0.014375,38.553516778727264,-0.013281742435675814,-0.0006530565398527033,0.011419220478662506,-0.04054989945599474,0.024725072746409005,-0.013281742435675814,-0.0006530565398527033,0.011419220478662506,0.014110054204542921,0.23103763063748678,0.23546190656000568,0.29749140431804044
2000-10-01,-0.07257800926841862,0.015075,18.328587552952833,0.007015403227369266,0.01230067101561838,0.018326201303118017,0.00800420471505836,-0.03287026443735719,0.007015403227369266,0.01230067101561838,0.018326201303118017,0.015494363795183208,0.22691992024580637,0.1760151328579072,0.19784168327848117
2001-01-01,-0.06824809232790241,0.014225000000000002,31.311609509262173,-0.03297744683351567,-0.012706153616889537,0.0047933701482978375,-0.07257800926841862,-0.06515473379735603,-0.03297744683351567,-0.012706153616889537,0.0047933701482978375,0.02437176152538556,0.14749932889976808,0.10408673795961565,0.10539692267775536
2001-04-01,0.13785988954659323,0.0103,25.88644631837945,-0.028092644133811295,-0.008763655061454045,0.019559932973054472,-0.06824809232790241,-0.13587279091879467,-0.028092644133811295,-0.008763655061454045,0.019559932973054472,0.02349201271567658,0.004955240284963962,0.09751875760654609,0.14862662385548314
2001-07-01,-0.2102255314680369,0.008975,21.879420536595536,0.03362908817819732,0.033304592011786704,0.02626586756920357,0.13785988954659323,0.0602031227486004,0.03362908817819732,0.033304592011786704,0.02626586756920357,0.02318721675261748,0.09371863342821599,0.05404498680464683,0.015095789760497639
2001-10-01,0.20656014496358566,0.0058,24.623770897138293,-0.04901243353296403,-0.024758938129407326,-0.0041994365175067605,-0.2102255314680369,-0.10134731046950107,-0.04901243353296403,-0.024758938129407326,-0.0041994365175067605,0.0277401248591993,-0.14405293164115088,-0.3346022790478122,-0.2203452120224635
2002-01-01,0.03676559151500136,0.004275,19.88482588638658,0.047741294390994726,0.04146520119270569,0.026752527177772212,0.20656014496358566,-0.047089602759535776,0.047741294390994726,0.04146520119270569,0.026752527177772212,0.016830138207757583,-0.1655283921187924,-0.10928816564621464,-0.09628954822463649
2002-04-01,-0.0865220896930955,0.004375,17.295232193279627,0.011824483690068943,0.016007542445067635,0.01529797651920961,0.03676559151500136,0.2509200423915976,0.011824483690068943,0.016007542445067635,0.01529797651920961,0.006832547773027775,-0.028075158288101514,-0.05935992527132233,-0.06505372231045077
2002-07-01,-0.21695059324048593,0.0042,19.052140648422256,-0.020188599672082974,-0.011745869994779334,-0.007576117436190133,-0.0865220896930955,-0.05293753398477474,-0.020188599672082974,-0.011745869994779334,-0.007576117436190133,0.022481492233996425,-0.08284921534359455,-0.1629923620531636,-0.08819248779646811
2002-10-01,0.057470969044120856,0.0039000000000000003,32.35309532781867,-0.04785652290877085,-0.02586544306378369,-0.009479047187587852,-0.21695059324048593,-0.28470166424625787,-0.04785652290877085,-0.02586544306378369,-0.009479047187587852,0.02179198239605329,-0.13086122944951056,-0.16853012889623642,-0.06163505205574135
2003-01-01,-0.0484220104160783,0.003,27.86335245319411,0.023178133597800743,0.021374499044857442,0.017986036692999585,0.057470969044120856,-0.17194798502459274,0.023178133597800743,0.021374499044857442,0.017986036692999585,0.011948800778061486,-0.041774975079592436,-0.049005195378295834,-0.07344325897949082
2003-04-01,0.22996100457361823,0.0027500000000000003,19.102214437018933,-0.0030869591986201206,0.00838871311013567,0.008364560492725381,-0.0484220104160783,0.006266098766366079,-0.0030869591986201206,0.00838871311013567,0.008364560492725381,0.02143580414299695,-0.1792847891488383,-0.19195038179556528,-0.09424476710058027
2003-07-01,0.08767312261454863,0.002175,16.776986215419637,0.062044568363749386,0.049753777381325914,0.025191193474250806,0.22996100457361823,0.1704038199987843,0.062044568363749386,0.049753777381325914,0.025191193474250806,0.02569057060286295,-0.008970772777684034,0.015352097167182834,0.12210482815580984
2003-10-01,0.14195780329002616,0.0023250000000000002,19.988353954887323,0.027605475424883785,0.021056946454793612,0.011598686893934396,0.08767312261454863,0.3377955265387145,0.027605475424883785,0.021056946454793612,0.011598686893934396,-0.0027848308624784934,0.14359396025538446,0.17383227473305118,0.2753039668003718
2004-01-01,0.0599738306453248,0.002275,18.808618391389423,0.05676506839347528,0.04141986670853148,0.025910783414039962,0.14195780329002616,0.24207680979851331,0.05676506839347528,0.04141986670853148,0.025910783414039962,-0.0009527720739219703,0.2695997958221743,0.2224179756256842,0.20788305278482108
2004-04-01,0.002049807690299499,0.0023,19.539980221755837,0.0756268079808271,0.04681305291565607,0.03555366940835136,0.0599738306453248,0.21044538718864936,0.0756268079808271,0.04681305291565607,0.03555366940835136,0.028934275988478753,0.14348916565218278,0.18450584063927333,0.2855244341396516
2004-07-01,-0.03141063104604214,0.003,18.677932765956076,0.013968518634103422,0.015693821515727846,0.014961131702838637,0.002049807690299499,0.0621465731548978,0.013968518634103422,0.015693821515727846,0.014961131702838637,0.00745960045807359,0.34577021300792693,0.29596502021435767,0.20264059449395827
2004-10-01,0.13723950945606012,0.004175,18.892765454117434,0.0306851549635756,0.02274836937081015,0.017107628270477182,-0.03141063104604214,-0.029425209108817962,0.0306851549635756,0.02274836937081015,0.017107628270477182,0.015061334680538607,0.19813499301671983,0.1570670566251201,0.21097680578629177
2005-01-01,-0.05601853920485589,0.005725,13.899783992801254,0.05008801022521192,0.04346285239285441,0.032746958318944586,0.13723950945606012,0.10151809881355378,0.05008801022521192,0.04346285239285441,0.032746958318944586,-0.003172875029162414,0.2679586814295861,0.34061561861345846,0.3306839955704553
2005-04-01,0.039979133314088866,0.00685,15.107984875125185,0.012032846732378921,0.018080199395617225,0.015098692054486884,-0.05601853920485589,0.07353301341028473,0.012032846732378921,0.018080199395617225,0.015098692054486884,0.011499274469114251,0.273115923808467,0.16662379652261733,0.2067156554229798
2005-07-01,0.04399214556149711,0.00775,16.947589983008452,0.0346136091159186,0.03057968625904195,0.016456865547550104,0.039979133314088866,-0.018278978537698443,0.0346136091159186,0.03057968625904195,0.016456865547550104,0.014654161781946007,0.1952101578315099,0.2291263558210865,0.3185619894535311
2005-10-01,0.008116177012924108,0.00885,15.25019809547098,0.031734671304325834,0.02940711295245313,0.02095576557583101,0.04399214556149711,0.08573004672776197,0.031734671304325834,0.02940711295245313,0.02095576557583101,0.014062452491714561,0.09777613418797652,0.09933629920405726,0.24300527969996136
2006-01-01,0.1365379043187167,0.010175,17.358850163807347,0.02270931758855066,0.02257293920286929,0.02104419286654524,0.008116177012924108,0.05246537061497669,0.02270931758855066,0.02257293920286929,0.02104419286654524,0.006686355936014854,0.3333383885122115,0.38555312829632915,0.31263057036059244
2006-04-01,-0.05289232161890811,0.011375,13.347474368018899,0.05519233951279312,0.035352892398500924,0.008027499095384805,0.1365379043187167,0.1457622471320652,0.05519233951279312,0.035352892398500924,0.008027499095384805,0.015875143337950037,0.2778344817699925,0.2633389919996262,0.28854079977158575
2006-07-01,0.0012696040501329886,0.0124,21.52917624432605,-0.002097153454959977,0.005527959783018455,0.0030550835616089955,-0.05289232161890811,0.07642377595141125,-0.002097153454959977,0.005527959783018455,0.0030550835616089955,0.012445942974419033,0.23237934311230976,0.200129373900352,0.1727961808923752
2006-10-01,0.08554410065151896,0.011899999999999999,19.274233014126718,0.022376334478563464,0.01860154373777334,0.00970468478956743,0.0012696040501329886,-0.0516898698745234,0.022376334478563464,0.01860154373777334,0.00970468478956743,0.017621336731147963,0.15395276223619778,0.20351436109312118,0.24976376096407574
2007-01-01,0.016568124918200366,0.012350000000000002,14.024557018702403,0.03259136643451588,0.025126579677372973,0.011112996559466737,0.08554410065151896,0.08692231183830401,0.03259136643451588,0.025126579677372973,0.011112996559466737,0.011226362743842477,0.2541950902631206,0.2893263582260378,0.28665505775383543
2007-04-01,0.04120092084410243,0.012275000000000001,16.107045256552677,0.02598200549016627,0.017548298775642568,0.000879404623903568,0.016568124918200366,0.1035295309153288,0.02598200549016627,0.017548298775642568,0.000879404623903568,0.021696918531025622,0.13576981088807505,0.1006391104310751,0.10610400356592671
2007-07-01,-0.033885090064008194,0.012025,14.040544645522049,0.01456749888126252,0.016109606710837943,-0.0004665818524544063,0.04120092084410243,0.05845166776559285,0.01456749888126252,0.016109606710837943,-0.0004665818524544063,0.011279127416955914,0.1343178962667783,0.06712296776353352,-0.03784821956087985
2007-10-01,-0.04894156348963319,0.009575,23.38667670097328,0.02012470599986682,0.015113546881641682,0.002644225532696165,-0.033885090064008194,0.005919733866571741,0.02012470599986682,0.015113546881641682,0.002644225532696165,0.011943184758480774,-0.1816880851984024,-0.11158458311711589,-0.10373321796456973
2008-01-01,-0.10190208687432256,0.00795,25.529722180501153,-0.017413679860774023,-0.0037899384847964734,-0.005235949188620692,-0.04894156348963319,-0.08116826426692181,-0.017413679860774023,-0.0037899384847964734,-0.005235949188620692,0.01991710179253925,-0.12919321920602553,-0.2407738571205447,-0.24476900850904398
2008-04-01,0.0024565061170898073,0.00345,29.82928644714356,-0.03924750897445517,-0.02240322192188615,-0.02143239880805281,-0.10190208687432256,-0.14585640290947,-0.03924750897445517,-0.02240322192188615,-0.02143239880805281,0.01894759064759577,-0.28379139688707167,-0.2527100091179212,-0.24406524387098127
2008-07-01,-0.014615834537601957,0.0046,20.01646751844238,-0.01854508769220553,-0.013772507548182045,-0.01720759121422777,0.0024565061170898073,-0.09969590385698379,-0.01854508769220553,-0.013772507548182045,-0.01720759121422777,0.006901999378431611,-0.28476922661066056,-0.33148638086934246,-0.32189213364355024
2008-10-01,-0.26506077334966494,0.0021,37.86198942056342,-0.047472208798686744,-0.030088123102346542,-0.023956498123254177,-0.014615834537601957,-0.012195232307460113,-0.047472208798686744,-0.030088123102346542,-0.023956498123254177,0.027174402304615652,-0.36603298981984456,-0.4443982503106517,-0.40440139373143513
2009-01-01,-0.1535689465059772,0.0002,77.08905711139208,-0.06406959335245244,-0.05085373241395186,-0.028881330664779825,-0.26506077334966494,-0.2758025234815794,-0.06406959335245244,-0.05085373241395186,-0.028881330664779825,0.04006510579691991,-0.4122753133696894,-0.37187367869961646,-0.343660580260413
2009-04-01,0.20231815205037695,0.00055,52.998712129589975,-0.03892085097802611,-0.026742207196895684,-0.02029015068976381,-0.1535689465059772,-0.37792461613227446,-0.03892085097802611,-0.026742207196895684,-0.02029015068976381,0.017094017094017033,-0.3077640312333261,-0.24567689647277197,-0.2741406910842465
2009-07-01,0.1888723356184292,0.00042500000000000003,38.031431068565944,0.016729287534752224,0.018706445308485087,9.804085869169477e-05,0.20231815205037695,0.01767942007498724,0.016729287534752224,0.018706445308485087,9.804085869169477e-05,-0.002541701639693139,-0.3315386275450389,-0.3050895487108538,-0.2215480943841319
2009-10-01,0.034934110558188625,0.00025,23.514831957037156,0.05093679315651367,0.03574623358503026,0.010808272549138298,0.1888723356184292,0.42940278958456535,0.05093679315651367,0.03574623358503026,0.010808272549138298,0.012183848104866613,-0.13051788347462814,-0.07434498867200266,0.010812911329170068
2010-01-01,0.08514686635976187,0.0002,22.89732609700136,0.001995090862139781,0.008411268067572086,0.0012319436608523304,0.034934110558188625,0.23040453323049537,0.001995090862139781,0.008411268067572086,0.0012319436608523304,-0.0012569012099142851,0.0704073931781515,0.007298162514944711,-0.0672591621405445
2010-04-01,-0.10189500017897557,0.0004,17.543176285799568,0.025673491400703075,0.02150983728838196,0.011932787811655965,0.08514686635976187,0.12305550696104572,0.025673491400703075,0.02150983728838196,0.011932787811655965,0.009998947479212816,-0.0823953130973443,-0.07849056708024969,-0.21770489648465188
2010-07-01,0.10935376377294181,0.00042500000000000003,33.607869688144376,-0.016787691876691935,-0.006789023910941161,-0.01209277734577574,-0.10189500017897557,-0.02542417378218087,-0.016787691876691935,-0.006789023910941161,-0.01209277734577574,0.0016210458061229893,-0.2163065200050672,-0.20189261099984568,-0.13239670881340582
2010-10-01,0.15900554239719922,0.0004,28.580119949368456,0.04669397684066556,0.03792474007843927,0.016427440494314993,0.10935376377294181,-0.0036838381852493107,0.04669397684066556,0.03792474007843927,0.016427440494314993,0.018126329418292952,-0.11554534460107485,-0.1362252672833781,-0.09636333013574282
2011-01-01,0.0764371358549929,0.000375,16.585878404279402,0.0392913512777151,0.027799539136384332,0.017834201053238186,0.15900554239719922,0.28574716069203276,0.0392913512777151,0.027799539136384332,0.017834201053238186,0.011899355073121898,-0.053798852172950586,-0.0014448568014608276,-0.0199935060559905
2011-04-01,-0.01910970938351053,0.00017500000000000003,19.05247118497462,0.02815138309944798,0.014711549887658215,0.009148078865370612,0.0764371358549929,0.24759660649810367,0.02815138309944798,0.014711549887658215,0.009148078865370612,0.019097845601436347,-0.1066842312293668,-0.12459730505943298,-0.12696384067737287
2011-07-01,-0.22149308237979504,5e-05,18.32888707153436,0.0085025818991451,0.005820650228731017,0.004977985772178339,-0.01910970938351053,0.05586673501918549,0.0085025818991451,0.005820650228731017,0.004977985772178339,0.04648653409966741,-0.22257383267084757,-0.33794924520677133,-0.3919444420645314
2011-10-01,0.15021114909279665,5e-05,44.87842583643313,-0.043417919228333046,-0.032156902206747606,-0.012018529693539781,-0.22149308237979504,-0.23637012332856977,-0.043417919228333046,-0.032156902206747606,-0.012018529693539781,0.01859138925129411,-0.30078678131103515,-0.20230639461548097,-0.17570894236365955
2012-01-01,0.12063381599150458,5e-05,40.553717216028176,0.0316048427109239,0.019354289225969934,0.01533334533821984,0.15021114909279665,-0.10455266370737282,0.0316048427109239,0.019354289225969934,0.01533334533821984,0.01392403755771543,-0.29028628093581044,-0.1983005656830726,-0.08569376530318425
2012-04-01,-0.03831145131429947,0.0002,16.018809509379928,0.044446838875216166,0.02912715792573284,0.017510362771188115,0.12063381599150458,0.2889655092038341,0.044446838875216166,0.02912715792573284,0.017510362771188115,0.01133874631974674,-0.018549986564809638,-0.0006726106255276439,-0.1224200178027874
2012-07-01,0.04879212319395587,0.00025,21.86211300559727,-0.00032720724603574336,-0.0015884206471586948,0.0019394347655179445,-0.03831145131429947,0.07770070810898844,-0.00032720724603574336,-0.0015884206471586948,0.0019394347655179445,0.018625594326698414,-0.23867139865954717,-0.234788961948887,-0.16930183359692175
2012-10-01,0.014209759633944996,0.000225,15.097889987367905,0.036106055893928124,0.023894739106234297,0.022255827404801254,0.04879212319395587,0.00861137482738994,0.036106055893928124,0.023894739106234297,0.022255827404801254,0.025039309342272942,-0.045913296022141975,0.004106212639242351,-0.00011732691200450063
2013-01-01,0.12031554174227055,0.0002,14.302878800256796,0.013209387341419632,0.010397084131370082,0.013493065559395001,0.014209759633944996,0.0636952071705168,0.013209387341419632,0.010397084131370082,0.013493065559395001,0.014336295138587474,-0.005453052190733293,-0.07712953549719626,-0.03780626664852856
2013-04-01,0.02726107472140371,0.0002,12.692092779824597,0.04767953073480857,0.04043584121824462,0.03383544156673879,0.12031554174227055,0.13623495630460103,0.04767953073480857,0.04043584121824462,0.03383544156673879,0.010376739364079901,-0.04641751531110663,0.00733435209064434,0.011168088054194326
2013-07-01,0.0985289320683218,0.0001,18.737987708448973,0.008925730230475715,0.015044192763255415,0.016488312720282394,0.02726107472140371,0.15085654743725652,0.008925730230475715,0.015044192763255415,0.016488312720282394,0.014148545608585028,0.0595984224230051,0.11880094005215552,0.060501761854656284
2013-10-01,0.08367555324352183,5e-05,12.576039489750638,0.03457914615496649,0.029415898078272606,0.03046938597954396,0.0985289320683218,0.12847601136906017,0.03457914615496649,0.029415898078272606,0.03046938597954396,0.019743254156108225,0.010204977433507642,-0.24514158574804182,-0.07579424229916185
2014-01-01,0.00807812063501645,0.00017500000000000003,14.420327518972368,0.03278221728921871,0.030426743300662196,0.021954532478817512,0.08367555324352183,0.19044894821315395,0.03278221728921871,0.030426743300662196,0.021954532478817512,0.016184234480247417,0.10809494807354865,0.13939187002758827,0.09924421406217984
2014-04-01,0.016981450940856346,0.0001,16.534431916028293,0.030553372044270333,0.02252650879971485,0.01276540398623216,0.00807812063501645,0.09242961509184111,0.030553372044270333,0.02252650879971485,0.01276540398623216,0.012200146903384113,0.06253125963191833,0.07991349902004004,0.031042691260095564
2014-07-01,-0.07651548267791752,5e-05,16.232939253781844,0.036139097384839,0.02522719205644841,0.01440438480428008,0.016981450940856346,0.025196749785130645,0.036139097384839,0.02522719205644841,0.01440438480428008,0.012946902654867198,0.057184052746742965,0.025502491006327253,0.03991251192130749
2014-10-01,0.09351162990917516,5e-05,13.525512246015388,0.006756638539598514,0.007890403571571447,0.00653613295468225,-0.07651548267791752,-0.060833375652372124,0.006756638539598514,0.007890403571571447,0.00653613295468225,0.016669141993482794,0.0973221962650617,0.06956559858254847,0.13791803779701392
2015-01-01,0.03990210866416555,5e-05,18.28731189592134,0.025500344527967345,0.01818161426548137,0.009559309148023942,0.09351162990917516,0.009841059732758284,0.025500344527967345,0.01818161426548137,0.009559309148023942,0.017298124103084067,0.20885635672077055,0.21411691798317817,0.15763440595141479
2015-04-01,0.0009418581401448023,7.5e-05,15.80035887883357,0.021840824616314647,0.018213463890602632,0.013832621864622308,0.03990210866416555,0.1371450497913398,0.021840824616314647,0.018213463890602632,0.013832621864622308,0.007881132585484618,0.13258603119081067,0.14634119694431622,0.128384233963105
2015-07-01,-0.12222179172493797,2.5e-05,12.520809242446912,0.011532840716761195,0.009777664768513272,0.004314977711652235,0.0009418581401448023,0.0408815489301646,0.011532840716761195,0.009777664768513272,0.004314977711652235,0.015084420857016001,0.05853440463542938,0.01431957193680348,0.08790190092047616
2015-10-01,0.031980008100388035,-5e-05,19.254267092218214,-0.019000386697005767,-0.011297201313606342,-0.0036612508970681468,-0.12222179172493797,-0.12139504917423238,-0.019000386697005767,-0.011297201313606342,-0.0036612508970681468,0.01877736819969833,0.04027391889443,0.019194281235667725,0.07823597938598444
2016-01-01,-0.019244808097312327,0.00055,18.380419792984487,0.019235438234238567,0.016451542374830153,0.015267732493539521,0.031980008100388035,-0.09415043751395735,0.019235438234238567,0.016451542374830153,0.015267732493539521,0.01714424477901888,0.15858763264071557,0.07506829335034126,-0.04781716101770771
2016-04-01,0.034011663646402734,0.000575,23.71728332565967,0.013886563778624517,0.014273879769665099,0.011165876694525512,-0.019244808097312327,0.012119750884233227,0.013886563778624517,0.014273879769665099,0.011165876694525512,0.016210667048655925,-0.02377641550640786,-0.009420093092679356,0.037324488110419725
2016-07-01,0.08657717260234143,0.000675,18.924687565204184,0.023861656489518435,0.018643614162977995,0.012220933327380168,0.034011663646402734,0.014112307609144947,0.023861656489518435,0.018643614162977995,0.012220933327380168,0.01795685030737304,0.03917443177197129,-0.02183143133597989,0.1407588585730522
2016-10-01,0.08427274270867247,0.0008,14.435012277608097,0.019058342922690263,0.014266983716562098,0.016487922490686646,0.08657717260234143,0.1235334699227515,0.019058342922690263,0.014266983716562098,0.016487922490686646,0.017763178139520663,0.11266305384536585,0.07135132640119522,0.20586230059464772
2017-01-01,0.021213913891017455,0.001325,15.656096212296111,0.0018456168696472375,0.007317803547086443,0.011884369861214772,0.08427274270867247,0.17814601110217532,0.0018456168696472375,0.007317803547086443,0.011884369861214772,0.0071732541176292575,0.29020194036345326,0.30250372040656304,0.31127199849912096
2017-04-01,0.021242164390986806,0.0019500000000000001,13.892573086295762,0.026338087272602007,0.026727049459069008,0.022896100493115634,0.021213913891017455,0.10727441130687154,0.026338087272602007,0.026727049459069008,0.022896100493115634,0.014582051243564376,0.269738273274514,0.18882527699073157,0.207692499122312
2017-07-01,0.053343319566326874,0.0026,12.824088570307252,0.022867024288179216,0.021533238175699854,0.01514815603670594,0.021242164390986806,0.042906707728253446,0.022867024288179216,0.021533238175699854,0.01514815603670594,0.012819090310602244,0.10923253297805786,0.07927213657286859,0.14117423036406118
2017-10-01,0.029949173532572537,0.0025,11.0182146654078,0.015772832922094304,0.018398695940257337,0.01760629205559039,0.053343319566326874,0.07571861152070247,0.015772832922094304,0.018398695940257337,0.01760629205559039,0.012167511429865163,0.054103999647001425,0.15558193960497457,0.26429328372081123
2018-01-01,-0.003959567841316458,0.0035499999999999998,10.099009161609928,0.029517801172719516,0.025390653609821623,0.02031826847029583,0.029949173532572537,0.08489008143339483,0.029517801172719516,0.025390653609821623,0.02031826847029583,0.0008153664097902968,0.26062533115187,0.24410358648146352,0.1771127911550658
2018-04-01,0.07430211816643362,0.00435,18.358495646168087,0.0042038716074108695,0.010441876804357264,0.015492328698214264,-0.003959567841316458,0.02587101990686258,0.0042038716074108695,0.010441876804357264,0.015492328698214264,0.011434668819979787,0.12341394107187947,0.02009468976757489,0.0453588456411155
2018-07-01,0.032560999682838654,0.004875,11.918636051488274,0.011020423663050893,0.014296382696381338,0.009489081286654377,0.07430211816643362,0.07004834604748367,0.011020423663050893,0.014296382696381338,0.009489081286654377,0.013344073221324804,-0.06904283358405033,-0.11601811767585817,-0.031982621658713586
2018-10-01,-0.2051255761405657,0.005475,10.031789187621712,0.02262539235659955,0.02148317784346543,0.016182557037770495,0.032560999682838654,0.1092824690953238,0.02262539235659955,0.02148317784346543,0.016182557037770495,0.0038618729732200485,0.006508344784379005,0.048517322175734255,0.05597911427418391
