date,sp_quarterly_return,tbill_quarterly_return,m2_quarterly_growth,totll_quarterly_growth,vix_quarterly_avg,top1_growth,next9_growth,mid_growth,sp_1q_lag,sp_2q_lag,sent_m1,sent_m2,sent_m3
1990-10-01,0.1325859595865928,0.017825,0.0069322488215177724,0.006044942482022142,25.195555535573806,-0.024923722058082243,-0.012876530196091807,0.009168071591049154,-0.2575065516615833,-0.16932140502127935,-0.22105909932044246,-0.21425251464049022,-0.24125317123628431
1991-01-01,0.321024287597244,0.01615,0.009974909736246262,0.0032808833611497334,26.113281428813934,0.037096912129299664,0.017006709065205294,0.01436546813606987,0.1325859595865928,-0.15906234532687602,-0.302165346280221,-0.29410250751035555,-0.19736931521085002
1991-04-01,-0.04042955589524777,0.0144,0.010391420261754547,0.0022546360655200104,22.49475413463155,0.03769473018376779,0.01823046091254965,0.017480294217486536,0.321024287597244,0.49617356040551974,-0.12739275147517523,-0.13629361722738512,-0.016189887033154566
1991-07-01,0.1311591312860303,0.01395,0.007406074780366589,-0.00908633623753119,17.147031262516975,0.000841470697228619,-0.0009967422764476375,0.009713848179089712,-0.04042955589524777,0.2676158623228513,-0.026111212855715667,-0.01938913267616543,-0.031210118035475413
1991-10-01,0.15065994321555842,0.01275,0.004553842490624405,0.0026412194746119333,16.634218722581863,0.015714293014039926,0.007596329284923264,0.017893401393976438,0.1311591312860303,0.0854268699612819,-0.039702331121530265,-0.11913506612181664,-0.11412559089160734
1992-01-01,-0.0235904639016693,0.009649999999999999,0.0062516666172853785,-0.0011930702247161529,17.45531253516674,0.04513338513739429,0.022846603907000773,0.018163192877026058,0.15065994321555842,0.301579501773344,-0.012312342765771093,0.07463333112637288,0.0964872726509648
1992-04-01,-0.06754365463905931,0.010025,0.0005005594487959009,0.00040439641014522465,17.56428571731325,-0.0035351618546871633,-0.004386506614014518,0.006262046261724663,-0.0235904639016693,0.1235153413620349,0.03067571697756648,0.0032397257492712307,0.03945790176900724
1992-07-01,0.03968723611940583,0.008875,0.0034788761461126416,-0.007359570251633807,15.61634914458744,-0.006506631390906015,0.006268056162840097,0.010739064928653619,-0.06754365463905931,-0.08954073239417903,-0.02035011015686905,0.03488665163299189,-0.04535123012028634
1992-10-01,0.15007104544082384,0.0065249999999999996,0.011869436201780381,0.004250370247250057,13.902031227946281,0.008803078319027824,0.013859686767618173,0.017947173666703398,0.03968723611940583,-0.03053703948968145,-0.059303821094574466,0.040707405229719974,0.2063002562330615
1993-01-01,-0.002123864503087547,0.0077,-0.010886921178690612,0.0015258396939916707,14.761093765497208,0.04906878550320726,0.022639940118696078,0.0151437290154941,0.15007104544082384,0.1957141865753258,0.22156969289625844,0.21882499488336699,0.23770084256126034
1993-04-01,0.018655017310586608,0.0072499999999999995,0.007575535132278377,0.006226059215821866,13.255322533269082,0.033808178821240986,0.014524373806517499,0.005651978934716251,-0.002123864503087547,0.1476284503713834,0.1588676817715168,0.0937949420223313,0.11507638171315193
1993-07-01,0.04531238330594922,0.007475000000000001,0.006323765117295599,0.010925865478192076,12.973174624972874,0.01786997464117146,0.006453259844145576,0.011646849962570593,0.018655017310586608,0.016491532078428683,0.10593642078099712,0.12848816427492327,0.21256674627463024
1993-10-01,0.04066995699239406,0.0073,0.009469477586007358,0.007800597177306745,12.117187470197678,0.029303397579334867,0.010529063990763587,0.014907721267077179,0.04531238330594922,0.0648127039114923,0.24042839340625272,0.32584612965583803,0.3653825194604935
1994-01-01,-0.038465419732784945,0.007574999999999999,-0.005335781290341068,0.013680384572312354,12.421562477946281,0.036209620528736775,0.012363296266201473,0.011718599261233864,0.04066995699239406,0.08782519297861913,0.3804931111874119,0.24115260424358503,0.19488766212617198
1994-04-01,-0.05917068144902393,0.009125,0.004729905113488808,0.015319924936272544,13.436190468924385,0.013104781889787809,0.0026550659915303143,0.006716843814556173,-0.038465419732784945,0.0006401502933823799,0.15613555957873662,0.14779543636306638,0.12003285338481268
1994-07-01,0.09311690104698256,0.0105,0.002784395900909953,0.02604310669879717,14.512580640854374,0.016596691415982523,0.0017691667145647294,0.008524073486439354,-0.05917068144902393,-0.09536007608399721,0.17020039188285027,0.25800779606065444,0.20084232638279598
1994-10-01,0.026456729081318242,0.011825,0.001316768763954812,0.02626458971806156,12.516249999403954,0.023136154828057975,0.007156541361186486,0.01280296147669091,0.09311690104698256,0.028436429108587236,0.18319644130045368,0.1907949263850848,0.25668656008858837
1995-01-01,0.10606774197468893,0.013825,-0.005031446540880502,0.030986499580681004,15.268730118161155,0.02452637866935703,0.0010863206060738317,0.0028747252999528072,0.026456729081318242,0.12203719875219265,0.17699643440784946,0.09736451905752931,-0.0016428681030388802
1995-04-01,0.20324284164348994,0.01425,0.008159981611309153,0.02598872875927194,11.992380944509355,0.032345458851640085,0.016066909932251905,0.013611564371864393,0.10606774197468893,0.13533067656969866,0.06671333811245858,0.03578770812600851,-0.035843339189887045
1995-07-01,0.08744862782929808,0.01365,0.02399680802553572,0.027134659353168278,12.190317471822103,0.035217309307383315,0.008046761211274012,0.019692222761839906,0.20324284164348994,0.330868092903823,0.04011267005285669,0.12455503522388396,0.21425241579612095
1995-10-01,-0.015126198746478026,0.01315,0.009045365989423848,0.014755360564717934,12.472698453872923,0.040147903344814884,0.0044996929347587145,0.0035226037758251394,0.08744862782929808,0.3084647770906386,0.22493612189446727,0.15766112854083378,0.08016596923792554
1996-01-01,0.05806713136556563,0.012424999999999999,0.006012963729140841,0.01638050968421867,12.89968248397585,0.029362389031877045,0.02876180271172868,0.019658970945789278,-0.015126198746478026,0.07099966375816735,0.027054780872628813,0.06202117732629694,0.10518447958653973
1996-04-01,0.11089239626831526,0.012575000000000001,0.013845858580319614,0.014072936390275181,15.398253804161435,0.01254441571233178,0.02184263214012705,0.0207429479348038,0.05806713136556563,0.042062597649414224,0.12102546021342278,0.12488641565845858,0.07420971446360151
1996-07-01,0.08898570886977897,0.0127,0.014603277624533506,0.011622047316501627,16.368254010639493,0.014505696733511986,0.015988664103648853,0.016841126464341105,0.11089239626831526,0.17539873097543546,0.10220268693181776,0.1622905863388892,0.21304663717746736
1996-10-01,0.11360274576689999,0.012424999999999999,0.011701050162588489,0.02654057716299385,16.778437554836273,0.00234016009270821,0.012243448234751986,0.012659243386106578,0.08898570886977897,0.20974594362829868,0.24520435448615782,0.2606147949894269,0.32211016262731246
1997-01-01,-0.02958506407220185,0.012624999999999999,0.012408778354453753,0.020646776156151292,17.206249967217445,0.026638267237032,0.027909801743789098,0.015889056606867458,0.11360274576689999,0.21269747549829976,0.3498405112374213,0.31389148799436434,0.2371890790039493
1997-04-01,0.2010388060186088,0.01295,0.0074685125429374555,0.026330977107834608,19.909180187788166,-0.001875505274142708,0.012397323409206296,0.00925896729603104,-0.02958506407220185,0.08065673718240629,0.22436611702044804,0.22665630040630216,0.31270432074864707
1997-07-01,0.14609845207369387,0.0126,0.02154203796977927,0.018736417856665577,19.922968864440918,0.05461760453044806,0.04664604613628254,0.031571917748989486,0.2010388060186088,0.16550599598934745,0.39185696167330586,0.4040724087146021,0.2757302309075991
1997-10-01,-0.0969138628617141,0.012424999999999999,0.015246908897822875,0.013952728746263077,22.444999992847443,0.034833212795919,0.0322751865418629,0.023699044008698822,0.14609845207369387,0.3765087164583649,0.21281341679634586,0.17497401436169943,0.27002037388663136
1998-01-01,0.23195705936006572,0.01295,0.015665471209404203,0.017297485224967213,27.12140640616417,0.020305603483199652,0.02045360542745156,0.010506516184976444,-0.0969138628617141,0.03502562386340102,0.12271100583095704,0.1720848275082452,0.1568360042668158
1998-04-01,0.09558757424137077,0.012475,0.01679703783624742,0.018636811227606298,21.32459012015921,0.05857493386239088,0.05121913227237518,0.035038549968395616,0.23195705936006572,0.11256334185772365,0.19208221932252248,0.11400592567459229,0.016385977629882593
1998-07-01,0.006086720547115787,0.0124,0.0199826238053864,0.01931114203630968,21.534285651312935,0.021000139375107585,0.02181033705269808,0.018422031410664674,0.09558757424137077,0.3497168462338267,-0.0069161036653601895,0.020217153675583823,-0.14235686113437016
1998-10-01,0.36457623778688997,0.010324999999999999,0.030617073632406067,0.029166797846783554,29.75171872973442,-0.04209738751004244,-0.01921758249852623,-0.0014838132098227153,0.006086720547115787,0.10225610964067045,-0.1261479007380624,0.023523798709114394,0.04344439650735547
1999-01-01,0.14726492849949935,0.01095,0.01644056104851699,0.004593719954283815,29.537187546491623,0.0811042244075717,0.06741906934194342,0.03401458367482779,0.36457623778688997,0.37288203201153336,0.16650833574033552,0.22719030774065427,0.15645516759926273
1999-04-01,0.09038218784847496,0.0108,0.00963060089523915,0.010686717781335897,27.252786949032643,-0.00037761612568176783,0.009568850170073695,0.012024773799410138,0.14726492849949935,0.5655304598766921,0.14832556570569674,0.16676457178208134,0.1585126702984174
1999-07-01,0.04838528971881151,0.011375,0.019816390506045778,0.011659341739955309,24.395555647592698,0.035883495936378296,0.03357618560298814,0.021983221629955363,0.09038218784847496,0.25095724277910825,0.19894677905305738,0.1372331283505886,0.14395049711068472
1999-10-01,0.5398605542182013,0.011850000000000001,0.013942254912723717,0.026320229542244222,23.32062491774559,-0.013826312113874528,-0.0024335040583831624,0.005943940938507142,0.04838528971881151,0.14314064591175502,0.0881234223563825,0.20436959316333134,0.21911867635865365
2000-01-01,0.186095304015099,0.013175,0.012711130359462919,0.030959884036448004,22.658281236886978,0.08829091664262956,0.07129405279685641,0.037527562562226,0.5398605542182013,0.6143671532606187,0.29765785701813235,0.2474324831674839,0.2247258871793747
2000-04-01,-0.14417300929877686,0.014225000000000002,0.013813158851326834,0.03495350851254431,23.150317449418324,0.021688468571601005,0.02599746903105271,0.03067408400068472,0.186095304015099,0.8264213721962963,0.18336813934147358,0.2054475204598519,0.23103763063748678
2000-07-01,-0.05132590543991744,0.014375,0.014110054204542921,0.024851325533178592,24.9239683302622,-0.013281742435675814,-0.0006530565398527033,0.011419220478662506,-0.14417300929877686,0.015092374720094615,0.23546190656000568,0.29749140431804044,0.22691992024580637
2000-10-01,-0.3441737180140687,0.015075,0.015494363795183208,0.01186941059045954,19.169047673543293,0.007015403227369266,0.01230067101561838,0.018326201303118017,-0.05132590543991744,-0.18809910449643696,0.1760151328579072,0.19784168327848117,0.14749932889976808
2001-01-01,-0.32815901575576056,0.014225000000000002,0.02437176152538556,0.012165035113909095,26.016666624281143,-0.03297744683351567,-0.012706153616889537,0.0047933701482978375,-0.3441737180140687,-0.37783459574829126,0.10408673795961565,0.10539692267775536,0.004955240284963962
2001-04-01,0.16331793510646753,0.0103,0.02349201271567658,0.012424060816879745,25.726451750724546,-0.028092644133811295,-0.008763655061454045,0.019559932973054472,-0.32815901575576056,-0.5593890252173318,0.09751875760654609,0.14862662385548314,0.09371863342821599
2001-07-01,-0.3616127109629641,0.008975,0.02318721675261748,-0.008854356396321705,23.9238095056443,0.03362908817819732,0.033304592011786704,0.02626586756920357,0.16331793510646753,-0.2184353334890946,0.05404498680464683,0.015095789760497639,-0.14405293164115088
2001-10-01,0.34978650206602313,0.0058,0.0277401248591993,0.006378579473938384,25.380338992102672,-0.04901243353296403,-0.024758938129407326,-0.0041994365175067605,-0.3616127109629641,-0.25735261711921975,-0.3346022790478122,-0.2203452120224635,-0.1655283921187924
2002-01-01,-0.07877999200259711,0.004275,0.016830138207757583,0.0007178806784517988,27.91000011563301,0.047741294390994726,0.04146520119270569,0.026752527177772212,0.34978650206602313,-0.13831345416728802,-0.10928816564621464,-0.09628954822463649,-0.028075158288101514
2002-04-01,-0.27629215673423846,0.004375,0.006832547773027775,-0.0013936492435022707,21.36083345413208,0.011824483690068943,0.016007542445067635,0.01529797651920961,-0.07877999200259711,0.24345033222804835,-0.05935992527132233,-0.06505372231045077,-0.08284921534359455
2002-07-01,-0.20818710829521048,0.0042,0.022481492233996425,0.016109415226549073,21.64312493801117,-0.020188599672082974,-0.011745869994779334,-0.007576117436190133,-0.27629215673423846,-0.33330585483893194,-0.1629923620531636,-0.08819248779646811,-0.13086122944951056
2002-10-01,0.18239798686335074,0.0039000000000000003,0.02179198239605329,0.03418647227322724,35.06843748688698,-0.04785652290877085,-0.02586544306378369,-0.009479047187587852,-0.20818710829521048,-0.42695879987430074,-0.16853012889623642,-0.06163505205574135,-0.041774975079592436
2003-01-01,0.03483444050248763,0.003,0.011948800778061486,0.015563208236033299,30.726718693971634,0.023178133597800743,0.021374499044857442,0.017986036692999585,0.18239798686335074,-0.06376203087580856,-0.049005195378295834,-0.07344325897949082,-0.1792847891488383
2003-04-01,0.179677196598506,0.0027500000000000003,0.02143580414299695,0.019779535018694006,30.022622937061747,-0.0030869591986201206,0.00838871311013567,0.008364560492725381,0.03483444050248763,0.2235861591870032,-0.19195038179556528,-0.09424476710058027,-0.008970772777684034
2003-07-01,0.08488879389824144,0.002175,0.02569057060286295,0.020195652144602283,21.531269769819957,0.062044568363749386,0.049753777381325914,0.025191193474250806,0.179677196598506,0.22077059171555802,0.015352097167182834,0.12210482815580984,0.14359396025538446
2003-10-01,0.1259646382787869,0.0023250000000000002,-0.0027848308624784934,-0.006389254625887353,19.32015624642372,0.027605475424883785,0.021056946454793612,0.011598686893934396,0.08488879389824144,0.2798185710070118,0.17383227473305118,0.2753039668003718,0.2695997958221743
2004-01-01,-0.02010328143371576,0.002275,-0.0009527720739219703,0.020866681599273518,17.427187502384186,0.05676506839347528,0.04141986670853148,0.025910783414039962,0.1259646382787869,0.22154641839434275,0.2224179756256842,0.20788305278482108,0.14348916565218278
2004-04-01,0.054386425713001785,0.0023,0.028934275988478753,0.03382748678679315,16.658064503823557,0.0756268079808271,0.04681305291565607,0.03555366940835136,-0.02010328143371576,0.10332905427105654,0.18450584063927333,0.2855244341396516,0.34577021300792693
2004-07-01,-0.06850671445468015,0.003,0.00745960045807359,0.019748296499876528,16.230161297705866,0.013968518634103422,0.015693821515727846,0.014961131702838637,0.054386425713001785,0.03318979865700378,0.29596502021435767,0.20264059449395827,0.19813499301671983
2004-10-01,0.14750060614355665,0.004175,0.015061334680538607,0.027153689382611867,15.442187443375587,0.0306851549635756,0.02274836937081015,0.017107628270477182,-0.06850671445468015,-0.017846124078209624,0.1570670566251201,0.21097680578629177,0.2679586814295861
2005-01-01,-0.08549025749959616,0.005725,-0.003172875029162414,0.026158574459614226,13.651250019669533,0.05008801022521192,0.04346285239285441,0.032746958318944586,0.14750060614355665,0.06888910978190754,0.34061561861345846,0.3306839955704553,0.273115923808467
2005-04-01,0.0074129967131844055,0.00685,0.011499274469114251,0.029519970622737146,12.787049199714035,0.012032846732378921,0.018080199395617225,0.015098692054486884,-0.08549025749959616,0.04940048384340123,0.16662379652261733,0.2067156554229798,0.1952101578315099
2005-07-01,0.07240613666656959,0.00775,0.014654161781946007,0.039681923021861465,13.407343715429306,0.0346136091159186,0.03057968625904195,0.016456865547550104,0.0074129967131844055,-0.07871099978426555,0.2291263558210865,0.3185619894535311,0.09777613418797652
2005-10-01,0.027184243886366977,0.00885,0.014062452491714561,0.02418941311123124,12.250781282782555,0.031734671304325834,0.02940711295245313,0.02095576557583101,0.07240613666656959,0.08035587983287762,0.09933629920405726,0.24300527969996136,0.3333383885122115
2006-01-01,0.03553372522663367,0.010175,0.006686355936014854,0.024426967562918955,12.781746031746032,0.02270931758855066,0.02257293920286929,0.02104419286654524,0.027184243886366977,0.10155868663095013,0.38555312829632915,0.31263057036059244,0.2778344817699925
2006-04-01,-0.07538478988431319,0.011375,0.015875143337950037,0.03305300627931973,12.042419341302686,0.05519233951279312,0.035352892398500924,0.008027499095384805,0.03553372522663367,0.0636839265657525,0.2633389919996262,0.28854079977158575,0.23237934311230976
2006-07-01,0.050087939788058033,0.0124,0.012445942974419033,0.022948418674319182,14.528730119977679,-0.002097153454959977,0.005527959783018455,0.0030550835616089955,-0.07538478988431319,-0.04252976706769618,0.200129373900352,0.1727961808923752,0.15395276223619778
2006-10-01,0.062129348496118286,0.011899999999999999,0.017621336731147963,0.032902357346974886,13.607936465550983,0.022376334478563464,0.01860154373777334,0.00970468478956743,0.050087939788058033,-0.029072718912916073,0.20351436109312118,0.24976376096407574,0.2541950902631206
2007-01-01,0.008799567831218047,0.012350000000000002,0.011226362743842477,0.02748258782427282,11.034920647030784,0.03259136643451588,0.025126579677372973,0.011112996559466737,0.062129348496118286,0.11532921935072116,0.2893263582260378,0.28665505775383543,0.13576981088807505
2007-04-01,0.09125685051070054,0.012275000000000001,0.021696918531025622,0.0074735006617576705,12.56360655925313,0.02598200549016627,0.017548298775642568,0.000879404623903568,0.008799567831218047,0.07147562774373739,0.1006391104310751,0.10610400356592671,0.1343178962667783
2007-07-01,0.08117994613405188,0.012025,0.011279127416955914,0.02972612449997536,13.731904726179819,0.01456749888126252,0.016109606710837943,-0.0004665818524544063,0.09125685051070054,0.10085943918805085,0.06712296776353352,-0.03784821956087985,-0.1816880851984024
2007-10-01,-0.002955452110969703,0.009575,0.011943184758480774,0.04135344462144008,21.589206256563703,0.02012470599986682,0.015113546881641682,0.002644225532696165,0.08117994613405188,0.1798450228535744,-0.11158458311711589,-0.10373321796456973,-0.12919321920602553
2008-01-01,-0.1453285663615841,0.00795,0.01991710179253925,0.022181547667033286,22.029843717813492,-0.017413679860774023,-0.0037899384847964734,-0.005235949188620692,-0.002955452110969703,0.07798457057991182,-0.2407738571205447,-0.24476900850904398,-0.28379139688707167
2008-04-01,0.03095515000406568,0.00345,0.01894759064759577,0.013364780883547978,26.120164089515562,-0.03924750897445517,-0.02240322192188615,-0.02143239880805281,-0.1453285663615841,-0.14785450685431623,-0.2527100091179212,-0.24406524387098127,-0.28476922661066056
2008-07-01,-0.1319804503037687,0.0046,0.006901999378431611,-0.0008733895941408498,20.67296865582466,-0.01854508769220553,-0.013772507548182045,-0.01720759121422777,0.03095515000406568,-0.11887208392911708,-0.33148638086934246,-0.32189213364355024,-0.36603298981984456
2008-10-01,-0.24016855276525084,0.0021,0.027174402304615652,0.052098282116445294,25.073281168937683,-0.047472208798686744,-0.030088123102346542,-0.023956498123254177,-0.1319804503037687,-0.10511077493646037,-0.4443982503106517,-0.40440139373143513,-0.4122753133696894
2009-01-01,0.02093012407920858,0.0002,0.04006510579691991,-0.00794459012262072,58.59593743085861,-0.06406959335245244,-0.05085373241395186,-0.028881330664779825,-0.24016855276525084,-0.34045144932625726,-0.37187367869961646,-0.343660580260413,-0.3077640312333261
2009-04-01,0.19421022331087934,0.00055,0.017094017094017033,-0.011104000684051152,45.00000006253602,-0.03892085097802611,-0.026742207196895684,-0.02029015068976381,0.02093012407920858,-0.22426518629534287,-0.24567689647277197,-0.2741406910842465,-0.3315386275450389
2009-07-01,0.16364189557243192,0.00042500000000000003,-0.002541701639693139,-0.025819719292699217,33.01571428208124,0.016729287534752224,0.018706445308485087,9.804085869169477e-05,0.19421022331087934,0.21920519146143547,-0.3050895487108538,-0.2215480943841319,-0.13051788347462814
2009-10-01,0.08221110603448412,0.00025,0.012183848104866613,-0.01867680720479048,25.486250042915344,0.05093679315651367,0.03574623358503026,0.010808272549138298,0.16364189557243192,0.38963304796544884,-0.07434498867200266,0.010812911329170068,0.0704073931781515
2010-01-01,0.05269546695923655,0.0002,-0.0012569012099142851,-0.02895796488953961,23.070156276226044,0.001995090862139781,0.008411268067572086,0.0012319436608523304,0.08221110603448412,0.2593061828355052,0.007298162514944711,-0.0672591621405445,-0.0823953130973443
2010-04-01,-0.11193151087025699,0.0004,0.009998947479212816,0.05315247762378461,20.149672086121605,0.025673491400703075,0.02150983728838196,0.011932787811655965,0.05269546695923655,0.13923872561544304,-0.07849056708024969,-0.21770489648465188,-0.2163065200050672
2010-07-01,0.14886669401738684,0.00042500000000000003,0.0016210458061229893,-0.010705317915751134,26.39142858414423,-0.016787691876691935,-0.006789023910941161,-0.01209277734577574,-0.11193151087025699,-0.06513432714378153,-0.20189261099984568,-0.13239670881340582,-0.11554534460107485
2010-10-01,0.1100178495234343,0.0004,0.018126329418292952,-0.009572816384332272,24.283593624830246,0.04669397684066556,0.03792474007843927,0.016427440494314993,0.14886669401738684,0.020272309167503444,-0.1362252672833781,-0.09636333013574282,-0.053798852172950586
2011-01-01,0.05461565515658506,0.000375,0.011899355073121898,-0.006647664411580156,19.31843753159046,0.0392913512777151,0.027799539136384332,0.017834201053238186,0.1100178495234343,0.2752625370822772,-0.0014448568014608276,-0.0199935060559905,-0.1066842312293668
2011-04-01,-0.005951253290145675,0.00017500000000000003,0.019097845601436347,-0.0016428199577964708,18.61483860015869,0.02815138309944798,0.014711549887658215,0.009148078865370612,0.05461565515658506,0.17064220161066035,-0.12459730505943298,-0.12696384067737287,-0.22257383267084757
2011-07-01,-0.07995033751818004,5e-05,0.04648653409966741,0.009366412999898266,17.48238103351896,0.0085025818991451,0.005820650228731017,0.004977985772178339,-0.005951253290145675,0.048339370268995374,-0.33794924520677133,-0.3919444420645314,-0.30078678131103515
2011-10-01,0.06481462565799156,5e-05,0.01859138925129411,0.012086306267062863,30.583593621850014,-0.043417919228333046,-0.032156902206747606,-0.012018529693539781,-0.07995033751818004,-0.08542578609912244,-0.20230639461548097,-0.17570894236365955,-0.29028628093581044
2012-01-01,0.2096029664334118,5e-05,0.01392403755771543,0.012827486802269972,29.939523818000914,0.0316048427109239,0.019354289225969934,0.01533334533821984,0.06481462565799156,-0.020317663057659363,-0.1983005656830726,-0.08569376530318425,-0.018549986564809638
2012-04-01,-0.05064841116801555,0.0002,0.01133874631974674,0.009739728686321225,18.204032267293623,0.044446838875216166,0.02912715792573284,0.017510362771188115,0.2096029664334118,0.28800292989758947,-0.0006726106255276439,-0.1224200178027874,-0.23867139865954717
2012-07-01,0.0701412891127664,0.00025,0.018625594326698414,0.006777730745719079,20.035714210025848,-0.00032720724603574336,-0.0015884206471586948,0.0019394347655179445,-0.05064841116801555,0.1483384980394411,-0.234788961948887,-0.16930183359692175,-0.045913296022141975
2012-10-01,-0.0493928646000229,0.000225,0.025039309342272942,0.009894401373734318,16.192698403010294,0.036106055893928124,0.023894739106234297,0.022255827404801254,0.0701412891127664,0.01594033309391274,0.004106212639242351,-0.00011732691200450063,-0.005453052190733293
2013-01-01,0.05928754751853105,0.0002,0.014336295138587474,0.009045972147505799,16.75290323072864,0.013209387341419632,0.010397084131370082,0.013493065559395001,-0.0493928646000229,0.017283945316725502,-0.07712953549719626,-0.03780626664852856,-0.04641751531110663
2013-04-01,0.032252627333904105,0.0002,0.010376739364079901,0.006066361985618496,13.527000029881796,0.04767953073480857,0.04043584121824462,0.03383544156673879,0.05928754751853105,0.0069663011114580176,0.00733435209064434,0.011168088054194326,0.0595984224230051
2013-07-01,0.10606263512439718,0.0001,0.014148545608585028,0.0038315535881121576,14.837031200528145,0.008925730230475715,0.015044192763255415,0.016488312720282394,0.032252627333904105,0.09345235402809138,0.11880094005215552,0.060501761854656284,0.010204977433507642
2013-10-01,0.11615190308234569,5e-05,0.019743254156108225,0.010208734955761134,14.279687568545341,0.03457914615496649,0.029415898078272606,0.03046938597954396,0.10606263512439718,0.14173606110302028,-0.24514158574804182,-0.07579424229916185,0.10809494807354865
2014-01-01,0.0010411999538906258,0.00017500000000000003,0.016184234480247417,0.013702729713114481,14.232812464237213,0.03278221728921871,0.030426743300662196,0.021954532478817512,0.11615190308234569,0.23453391512236998,0.13939187002758827,0.09924421406217984,0.06253125963191833
2014-04-01,0.07056683490004967,0.0001,0.012200146903384113,0.017586078837930952,14.828852528431376,0.030553372044270333,0.02252650879971485,0.01276540398623216,0.0010411999538906258,0.11731404039237003,0.07991349902004004,0.031042691260095564,0.057184052746742965
2014-07-01,0.051947268648679934,5e-05,0.012946902654867198,0.017997655343359398,12.738253971887014,0.036139097384839,0.02522719205644841,0.01440438480428008,0.07056683490004967,0.07168150903918447,0.025502491006327253,0.03991251192130749,0.0973221962650617
2014-10-01,0.04613708929290716,5e-05,0.016669141993482794,0.014578936921361363,13.074375003576279,0.006756638539598514,0.007890403571571447,0.00653613295468225,0.051947268648679934,0.12617985787896946,0.06956559858254847,0.13791803779701392,0.20885635672077055
2015-01-01,0.02299426883732303,5e-05,0.017298124103084067,0.01967367357984129,16.063750088214874,0.025500344527967345,0.01818161426548137,0.009559309148023942,0.04613708929290716,0.10048105371375393,0.21411691798317817,0.15763440595141479,0.13258603119081067
2015-04-01,0.01455337716160754,7.5e-05,0.007881132585484618,0.022732721726022476,16.56475407959985,0.021840824616314647,0.018213463890602632,0.013832621864622308,0.02299426883732303,0.07019224676480285,0.14634119694431622,0.128384233963105,0.05853440463542938
2015-07-01,-0.04905878840996636,2.5e-05,0.015084420857016001,0.0173004273573365,13.740158762250628,0.011532840716761195,0.009777664768513272,0.004314977711652235,0.01455337716160754,0.03788229026587553,0.01431957193680348,0.08790190092047616,0.04027391889443
2015-10-01,0.09858982056242982,-5e-05,0.01877736819969833,0.020350842139528424,19.307343780994415,-0.019000386697005767,-0.011297201313606342,-0.0036612508970681468,-0.04905878840996636,-0.035219382299180535,0.019194281235667725,0.07823597938598444,0.15858763264071557
2016-01-01,-0.023863143863777414,0.00055,0.01714424477901888,0.02022087108225823,17.033281311392784,0.019235438234238567,0.016451542374830153,0.015267732493539521,0.09858982056242982,0.04469433500611464,0.07506829335034126,-0.04781716101770771,-0.02377641550640786
2016-04-01,-0.014711186539317689,0.000575,0.016210667048655925,0.022349785372697495,20.486229490061277,0.013886563778624517,0.014273879769665099,0.011165876694525512,-0.023863143863777414,0.07237401362706719,-0.009420093092679356,0.037324488110419725,0.03917443177197129
2016-07-01,0.10367385285356656,0.000675,0.01795685030737304,0.013448551570729439,15.675937503576279,0.023861656489518435,0.018643614162977995,0.012220933327380168,-0.014711186539317689,-0.038223275242300514,-0.02183143133597989,0.1407588585730522,0.11266305384536585
2016-10-01,-0.0024776088851020672,0.0008,0.017763178139520663,0.015288055002892209,13.233906269073486,0.019058342922690263,0.014266983716562098,0.016487922490686646,0.10367385285356656,0.08743750092567026,0.07135132640119522,0.20586230059464772,0.29020194036345326
2017-01-01,0.11773326236103632,0.001325,0.0071732541176292575,0.00492198024479884,14.09793646373446,0.0018456168696472375,0.007317803547086443,0.011884369861214772,-0.0024776088851020672,0.10093938070948183,0.30250372040656304,0.31127199849912096,0.269738273274514
2017-04-01,0.03875662769294452,0.0019500000000000001,0.014582051243564376,0.006686547531123743,11.691935508481917,0.026338087272602007,0.026727049459069008,0.022896100493115634,0.11773326236103632,0.11496395649903657,0.18882527699073157,0.207692499122312,0.10923253297805786
2017-07-01,0.058860385380166136,0.0026,0.012819090310602244,0.009343066901954966,11.426349231175013,0.022867024288179216,0.021533238175699854,0.01514815603670594,0.03875662769294452,0.1610528342703832,0.07927213657286859,0.14117423036406118,0.054103999647001425
2017-10-01,0.06976069620400982,0.0025,0.012167511429865163,0.014597292158195163,10.944285695514981,0.015772832922094304,0.018398695940257337,0.01760629205559039,0.058860385380166136,0.09989824311515294,0.15558193960497457,0.26429328372081123,0.26062533115187
2018-01-01,0.028877084868336178,0.0035499999999999998,0.0008153664097902968,0.009397702227361249,10.307936501881432,0.029517801172719516,0.025390653609821623,0.02031826847029583,0.06976069620400982,0.13272722304713258,0.24410358648146352,0.1771127911550658,0.12341394107187947
2018-04-01,0.06984665704220316,0.00435,0.011434668819979787,0.013569299944132585,17.354754135256908,0.0042038716074108695,0.010441876804357264,0.015492328698214264,0.028877084868336178,0.10065226661710347,0.02009468976757489,0.0453588456411155,-0.06904283358405033
2018-07-01,0.08334991960225135,0.004875,0.013344073221324804,0.010158608056360485,15.337500035762787,0.011020423663050893,0.014296382696381338,0.009489081286654377,0.06984665704220316,0.10074070975371652,-0.11601811767585817,-0.031982621658713586,0.006508344784379005
2018-10-01,-0.1701283755959042,0.005475,0.0038618729732200485,0.013190815979119863,12.856825404696995,0.02262539235659955,0.02148317784346543,0.016182557037770495,0.08334991960225135,0.15901828989340827,0.048517322175734255,0.05597911427418391,0.005619963540905906
